label	v0	v1	v2	v3	v4	v5	v6	v7	v8	v9	order_id
0	1.15	1.63	1.66	1.34	1.37	1.83	1.74	1.80	1.69	1.41	f46f652b
0	0.11	-0.14	1.55	0.75	0.30	0.54	0.77	0.97	0.04	-1.11	f4702b0f
0	0.68	-0.02	1.27	-0.28	-0.51	0.37	0.18	0.98	0.04	-0.48	f4702d99
0	1.54	1.68	1.25	1.27	1.15	1.69	1.60	1.32	0.84	1.80	f47030e8
1	0.55	0.75	0.49	0.17	0.62	0.45	0.71	0.81	0.51	0.68	f47034dc
1	0.23	0.61	0.57	0.66	0.29	0.82	0.72	0.60	0.70	0.48	f47037e8
0	1.48	2.11	1.76	1.90	1.68	1.28	1.67	1.28	1.68	1.59	f4703a35
0	1.52	1.37	1.58	2.04	1.49	1.82	1.19	1.28	1.05	1.68	f4703c6e
0	1.80	0.14	0.26	-0.64	0.40	-0.09	0.62	1.53	0.58	-0.77	f4703e9e
0	1.95	0.58	1.13	0.13	1.21	1.06	-1.13	0.69	-0.08	0.01	f47040d9
0	0.58	-0.17	1.74	0.21	-0.90	0.74	1.12	0.79	-0.32	0.81	f4704300
0	1.75	1.34	1.12	0.84	1.50	1.84	1.35	1.57	1.53	1.31	f470453a
0	1.39	1.68	1.26	1.32	1.32	1.57	1.59	1.13	1.08	1.29	f4704773
0	1.60	1.49	1.44	1.59	1.47	1.69	1.66	1.67	1.49	1.45	f470497a
0	1.29	1.77	1.22	1.79	1.75	1.30	1.08	1.84	2.18	1.57	f4704bfd
1	0.94	0.73	0.62	0.19	0.53	0.86	0.81	1.00	0.61	0.67	f4704e0c
0	1.31	1.80	1.49	1.11	1.23	1.79	1.55	1.75	1.38	1.56	f4705017
0	1.39	1.55	1.28	2.06	1.71	1.94	1.50	1.97	1.67	1.70	f4705214
1	0.94	0.99	0.44	0.68	0.85	0.59	0.68	0.90	0.90	0.62	f470541c
0	0.97	0.80	0.08	0.75	1.45	0.88	-1.13	-0.37	-0.62	-1.26	f470560f
0	1.12	1.89	1.59	1.36	1.60	1.67	1.49	1.43	0.90	1.45	f4705817
1	0.86	1.01	0.32	0.70	0.61	0.54	0.75	0.44	0.57	0.92	f4705a1e
0	2.06	1.33	1.28	1.37	1.11	1.47	1.45	1.40	1.48	1.28	f4705c1e
0	1.53	1.61	1.02	1.56	1.44	1.28	0.86	1.58	1.73	1.13	f4705e1c
0	1.12	1.75	1.33	1.63	2.08	1.67	1.70	1.26	1.72	2.10	f4706023
1	0.61	0.54	0.47	0.49	0.65	0.87	0.84	1.02	0.46	0.66	f4706221
0	-0.81	0.15	0.68	0.31	-0.89	-1.39	0.45	0.92	0.25	0.83	f4706433
0	1.09	0.50	-0.40	0.33	1.31	0.41	0.40	-0.30	1.30	0.85	f47066b5
0	-0.10	0.70	-0.32	0.28	-0.39	1.41	0.08	0.45	0.78	-0.30	f47068ee
0	1.58	1.70	1.77	1.81	1.33	1.01	1.17	1.54	1.07	1.30	f4706b3a
0	1.25	1.22	1.11	1.50	1.46	1.62	1.40	1.46	1.74	1.50	f4706d9e
0	1.30	1.41	1.58	1.76	1.75	1.48	1.23	1.71	1.57	1.09	f4706fe1
0	1.52	1.13	1.21	1.49	1.61	1.46	1.39	2.00	0.98	1.26	f4707230
0	1.50	1.46	0.99	1.33	1.69	1.83	1.40	2.01	1.52	1.82	f4707438
0	1.45	1.89	1.40	1.77	0.88	1.68	1.20	1.39	2.06	1.75	f4707640
0	0.35	0.43	-0.51	0.26	0.25	-0.58	1.24	-0.16	1.24	0.45	f470783d
0	1.39	1.37	1.35	1.98	1.11	1.62	1.81	2.08	1.60	1.28	f4707a3d
0	1.52	1.58	1.36	1.78	1.57	1.81	1.48	1.53	1.76	1.14	f4707c3a
0	1.49	1.24	1.86	1.55	1.27	1.38	1.12	1.59	1.47	1.02	f4707e38
1	0.47	0.81	0.83	0.40	0.28	1.09	0.61	0.73	0.76	0.88	f4708040
1	1.21	0.69	0.88	0.49	0.99	0.57	0.88	0.60	0.45	0.81	f4708247
1	0.88	0.72	0.55	0.65	0.46	0.31	0.64	0.18	0.46	0.61	f4708447
0	1.51	1.15	1.47	1.68	2.12	1.23	1.58	1.53	1.79	1.52	f4708645
0	1.74	1.72	1.38	1.50	2.08	1.75	1.36	1.95	1.82	1.40	f4708840
0	1.02	0.09	0.07	0.07	-0.20	0.52	-0.22	-0.97	0.71	-0.90	f4708a40
0	0.16	-0.40	0.56	0.74	0.25	0.62	2.18	-0.62	0.81	-0.27	f4708c3d
1	0.63	0.68	0.52	0.46	0.57	0.36	0.96	0.50	0.39	0.53	f4708e3a
1	0.61	0.79	0.03	0.63	0.91	0.66	0.62	0.55	0.82	0.41	f470903a
0	0.17	0.61	0.63	-0.74	0.02	-0.14	-0.84	0.76	-0.29	-0.25	f4709238
0	1.03	1.48	1.58	1.51	1.70	1.53	1.85	1.68	1.40	1.80	f47094a3
0	1.45	1.68	1.19	1.52	1.29	1.37	1.50	1.35	1.60	1.51	f47096d4
0	0.79	0.68	0.16	0.51	0.64	-0.43	0.65	1.30	-0.93	0.01	f4709905
0	1.43	1.67	1.48	1.52	1.53	1.38	1.81	1.96	1.16	1.53	f4709b3d
0	1.93	1.62	1.36	1.45	1.04	1.36	1.58	1.52	1.23	1.63	f4709d45
0	1.44	1.51	1.77	1.93	1.48	1.85	1.57	1.50	1.77	1.58	f4709f45
0	1.74	1.29	1.42	1.45	1.05	1.59	0.99	1.40	1.26	1.21	f470a138
1	0.83	1.12	0.85	0.99	0.40	0.88	0.88	0.90	0.42	0.75	f470a340
1	0.80	0.65	0.43	0.81	0.90	0.68	0.67	0.65	0.67	0.82	f470a540
0	1.58	1.48	1.51	1.74	1.83	1.25	1.69	1.64	1.41	1.50	f470a747
1	0.38	0.30	0.69	0.57	0.51	0.79	0.34	0.62	0.34	0.58	f470a945
1	1.20	0.80	0.69	0.25	0.79	0.27	0.49	0.81	1.03	0.43	f470ab4c
0	-0.16	0.67	-0.42	1.22	-0.19	0.89	0.90	0.26	1.66	-0.75	f470ad4a
0	1.36	1.26	1.45	1.29	1.41	1.48	1.45	1.10	1.31	1.45	f470af4a
0	1.38	1.89	1.63	1.24	1.32	1.36	1.63	1.73	1.81	1.13	f470b147
0	1.51	1.32	1.13	1.80	1.55	1.11	1.65	1.15	1.68	1.23	f470b342
0	1.42	0.90	0.01	0.29	0.63	-0.64	0.29	-0.35	0.51	0.39	f470b540
0	1.80	0.95	1.52	1.61	1.53	1.72	1.73	1.65	1.55	1.20	f470b89e
0	1.80	1.25	1.08	1.41	1.70	1.67	1.41	1.42	1.26	1.39	f470bad7
0	1.32	1.39	2.09	1.94	1.66	1.65	1.76	1.47	1.29	1.78	f470bcde
0	1.34	1.70	1.23	2.01	1.36	1.78	1.55	1.90	1.84	1.68	f470bede
1	0.62	0.49	0.85	0.58	0.75	0.33	0.61	0.55	0.70	0.62	f470c0e6
0	1.05	1.30	1.79	1.34	1.56	1.63	1.96	1.31	1.10	1.06	f470c2e3
0	-0.35	-0.48	-1.10	-0.09	0.13	0.30	-0.46	0.56	0.42	0.48	f470c4e1
0	1.59	2.11	1.90	1.41	1.79	1.44	2.06	1.54	1.97	1.33	f470c757
0	1.77	1.54	1.34	1.55	1.50	1.64	1.30	1.62	1.38	1.51	f470c991
0	1.24	1.18	1.44	1.44	1.39	1.35	1.29	1.43	1.33	1.18	f470cbb8
0	0.81	0.51	-0.01	-0.28	-1.42	-0.06	0.74	0.99	0.62	0.13	f470cdf0
0	1.60	1.65	1.22	1.49	1.15	1.63	0.98	1.68	1.79	1.55	f470cff8
0	1.73	1.96	1.89	1.51	1.47	1.33	1.77	1.56	1.45	1.41	f470d200
0	1.43	1.08	1.47	1.76	1.77	1.49	1.70	1.86	1.63	1.32	f470d400
0	0.83	1.12	0.58	-0.72	-0.67	1.37	-1.20	0.23	0.32	0.80	f470d5fd
0	1.29	1.29	1.75	0.97	1.30	1.51	1.79	2.08	1.29	0.95	f470d805
0	1.44	1.62	2.06	1.58	1.09	1.29	1.96	1.04	1.15	1.57	f470da02
0	1.52	1.56	1.70	1.78	1.69	1.37	1.29	1.43	1.88	1.09	f470dc02
0	1.06	1.59	1.25	1.38	1.73	1.17	1.88	1.86	1.61	1.03	f470de82
0	1.39	1.35	1.74	1.51	1.63	1.35	1.54	1.43	1.56	1.54	f470e0d9
0	1.26	1.72	1.74	1.60	1.88	1.45	1.67	1.63	1.19	2.02	f470e30a
0	1.87	1.71	1.63	1.27	1.44	1.69	1.49	1.09	1.90	1.51	f470e542
1	0.64	0.62	0.76	0.81	0.52	0.72	0.68	0.53	0.72	0.88	f470e742
0	-0.87	-0.75	0.07	0.37	0.13	2.11	0.35	0.71	0.32	0.10	f470e940
1	0.64	0.79	0.33	0.75	0.58	1.13	0.69	0.43	0.74	0.54	f470eb3d
0	-0.56	0.56	-0.00	-0.62	0.54	-0.15	-0.72	-0.10	0.99	-0.37	f470ed3d
0	1.69	1.23	1.44	1.45	1.57	1.69	1.69	1.64	1.35	1.58	f470efd1
0	1.74	-1.20	-0.05	0.26	0.65	-0.49	1.18	-0.78	0.14	0.13	f470f200
0	1.46	1.62	1.86	1.45	1.28	2.25	1.20	1.56	1.49	1.45	f470f426
1	0.60	0.68	0.82	0.71	0.59	0.71	0.90	0.62	1.27	0.77	f470f67d
1	0.80	0.66	0.61	0.55	0.75	0.45	0.90	0.67	0.55	0.39	f470f885
0	1.64	1.66	2.06	1.13	1.80	1.72	1.55	1.73	1.82	1.62	f470fa85
0	1.12	1.12	0.91	0.76	-0.54	0.18	0.76	1.63	0.93	1.14	f470fc82
0	1.41	1.32	1.63	1.38	1.39	1.78	1.34	1.43	1.53	1.41	f470fe80
0	1.10	1.81	1.97	0.87	1.53	1.22	1.41	1.43	2.03	1.51	f4710080
0	1.55	1.66	1.45	1.06	1.50	1.21	1.52	1.02	1.37	1.25	f471027a
0	1.77	1.42	0.87	2.15	1.16	1.84	2.12	1.29	1.71	1.06	f4710478
1	0.30	0.50	0.99	0.92	1.01	0.37	0.96	0.53	0.73	1.18	f4710678
0	-1.32	1.76	0.67	0.43	1.05	0.11	1.52	0.11	1.30	0.97	f471088a
1	0.55	0.90	0.81	0.73	0.84	1.10	0.67	0.73	0.77	1.01	f4710a87
0	1.47	1.62	1.90	1.91	1.49	1.64	1.85	1.99	1.39	1.61	f4710c91
1	0.83	0.75	1.21	0.80	1.09	0.68	0.84	0.60	0.72	0.81	f4710e8f
0	1.31	1.73	1.51	1.32	1.66	1.62	1.89	1.55	1.40	1.83	f471108a
0	1.27	1.21	1.29	1.32	1.79	1.58	1.04	1.21	1.47	1.35	f471128a
0	1.25	1.68	1.62	1.09	1.44	1.56	1.59	1.31	1.78	1.10	f4711487
0	0.90	0.26	-0.06	-0.34	2.07	-1.34	0.60	0.68	0.93	1.37	f4711685
0	1.20	1.66	1.36	1.80	1.17	1.60	1.11	1.25	2.06	1.51	f4711885
0	1.62	1.76	1.08	1.79	1.30	1.58	1.10	1.63	1.53	1.57	f4711a8c
0	1.45	1.38	1.43	1.39	0.97	1.34	1.54	1.27	1.59	1.63	f4711c8a
0	1.35	1.71	1.59	1.39	1.66	1.15	1.31	1.35	1.49	1.44	f4711e87
1	0.56	0.51	0.50	0.41	0.52	0.86	0.39	0.87	0.77	0.72	f4712085
1	0.60	0.65	0.69	0.83	0.92	0.65	0.86	0.65	0.55	0.28	f4712285
0	1.29	1.19	1.52	1.54	1.67	1.55	1.75	1.35	1.31	1.64	f4712482
0	1.69	1.47	1.36	1.45	1.70	1.17	1.82	1.07	1.65	1.61	f4712680
1	0.45	0.36	0.41	0.78	0.21	0.53	0.72	0.45	0.48	0.39	f4712880
0	1.82	1.34	1.70	1.27	1.94	1.41	1.58	1.60	1.23	1.51	f4712acc
0	1.29	1.59	1.59	1.30	1.38	1.46	1.23	1.45	1.94	1.18	f4712d05
0	1.95	1.60	1.28	1.40	1.24	1.62	1.40	1.27	1.41	1.43	f4712f2b
0	1.32	1.78	1.28	1.64	1.26	1.53	1.38	1.60	1.42	1.62	f4713166
0	1.59	1.06	1.46	1.38	1.53	2.03	1.50	2.21	1.47	1.56	f4713363
0	0.91	2.07	0.69	-0.04	0.47	-0.16	0.73	-0.07	-0.17	0.95	f4713563
0	-0.17	0.69	0.54	-0.39	-0.41	0.91	0.07	2.33	-0.27	0.14	f4713761
0	1.37	1.23	1.72	1.29	1.79	1.47	1.33	1.64	1.51	0.81	f471395c
0	1.63	1.52	1.54	1.15	1.56	1.64	1.26	1.44	1.64	1.63	f4713b5c
0	1.04	1.07	1.20	1.28	1.45	1.81	1.90	1.66	1.47	1.81	f4713d59
0	1.37	1.75	1.44	1.79	1.80	1.62	1.31	1.75	1.31	1.83	f4713f57
0	1.89	1.14	1.27	1.87	1.64	1.69	1.48	1.57	1.72	1.44	f471414c
1	0.55	0.72	0.81	0.98	0.76	0.98	0.74	0.50	1.02	0.92	f47143fd
1	0.75	0.53	0.52	0.68	0.69	0.79	0.79	0.11	0.61	0.81	f4714638
0	1.27	1.12	1.10	1.39	1.43	0.94	1.36	1.32	1.44	1.72	f4714840
0	1.67	1.79	2.27	1.59	1.77	1.38	1.41	1.26	1.42	1.68	f4714a3d
0	-0.82	0.19	1.09	0.81	-0.69	-0.83	1.72	0.29	-0.60	1.62	f4714c3a
0	1.47	1.56	1.77	1.62	1.28	1.54	1.70	1.70	1.81	1.78	f4714ec5
0	0.82	1.06	0.34	-0.45	0.43	1.31	1.75	-0.38	0.19	-0.00	f47151a8
0	1.52	1.37	1.43	1.39	1.87	1.48	1.53	1.56	1.46	1.37	f47154dc
0	1.69	1.08	1.50	1.25	1.54	1.42	1.61	1.79	1.49	1.41	f4715859
0	1.59	1.48	1.37	1.65	1.24	1.36	1.85	1.35	1.62	1.68	f4715a7d
0	1.35	1.64	1.87	1.62	1.42	1.31	1.72	1.76	1.63	1.50	f4715c7a
0	1.34	1.56	1.56	1.83	1.82	1.64	1.60	1.87	1.50	1.61	f4715e82
0	1.27	1.61	1.28	2.11	1.32	0.91	1.35	1.82	1.28	1.42	f4716082
0	1.89	1.37	1.30	1.65	1.69	1.42	1.85	1.16	1.74	1.36	f4716280
0	1.40	1.35	1.72	2.00	1.37	1.15	1.61	1.41	1.75	1.28	f471647d
0	1.38	1.35	1.29	2.13	1.94	1.52	1.74	1.70	1.89	1.80	f471667d
0	1.63	1.35	1.23	1.15	1.88	1.07	1.40	1.70	1.06	1.62	f471687a
0	-0.81	1.36	-0.54	-1.42	-0.84	0.31	0.54	0.03	0.59	-0.88	f4716a78
0	1.06	1.56	1.54	1.93	1.43	1.57	1.21	1.40	1.49	1.56	f4716c75
0	1.60	1.93	1.36	1.86	1.33	1.16	1.81	1.42	1.66	1.49	f4716e75
0	-0.31	-0.21	-1.10	0.02	-1.61	-1.24	0.04	-0.59	-0.72	-0.43	f4717070
0	1.73	1.39	1.38	1.37	1.63	1.45	1.30	2.10	1.45	1.27	f471726e
0	2.07	1.93	1.36	1.81	1.47	1.31	1.51	1.78	1.65	1.58	f471746e
0	-0.83	-1.03	0.46	-0.55	0.05	0.18	0.18	0.31	-1.13	0.43	f4717675
0	1.52	1.50	1.59	1.80	1.59	1.62	1.78	1.99	1.56	1.80	f471787d
0	1.43	1.42	1.51	1.73	1.31	1.89	1.22	1.49	1.70	1.21	f4717a7a
1	1.00	0.87	0.77	0.81	0.62	0.64	0.85	0.94	0.90	0.56	f4717ce6
1	0.88	0.47	0.32	0.55	0.41	0.67	0.52	0.68	0.63	0.64	f4717f7a
0	0.77	1.19	0.98	0.56	0.47	0.26	1.03	0.30	1.21	0.44	f47182eb
0	1.38	1.22	1.61	0.94	1.47	1.86	1.48	1.91	1.34	1.55	f47186b5
0	1.34	1.05	1.35	1.84	1.72	1.70	1.35	1.19	1.35	1.61	f4718a91
1	0.75	0.74	1.11	0.84	0.78	1.07	0.94	0.77	0.86	0.83	f4718ddc
0	-0.31	0.07	1.29	0.53	-1.24	-0.04	1.52	0.64	-0.12	-0.70	f4719040
0	1.20	1.28	1.27	1.15	1.75	1.73	1.52	1.68	1.27	1.41	f4719247
0	1.62	1.45	1.72	1.93	1.23	1.38	1.57	1.92	1.36	1.52	f4719445
0	1.30	1.22	1.28	1.71	1.41	1.58	1.80	1.98	1.39	1.37	f471964c
0	1.37	1.63	1.60	1.49	1.54	1.34	1.86	1.79	1.46	1.43	f471984a
0	1.26	1.70	1.26	1.43	1.21	1.40	1.90	1.50	1.29	2.09	f4719a3d
0	1.60	1.55	1.60	1.50	1.68	1.85	1.46	1.34	1.39	1.76	f4719c3a
1	0.61	0.53	0.55	0.42	0.64	1.11	0.67	0.73	0.36	1.02	f4719e3a
0	1.02	1.44	1.97	1.26	1.39	1.50	1.75	1.79	1.57	1.51	f471a038
0	1.99	1.30	1.67	1.57	1.31	1.64	1.17	1.00	1.50	1.51	f471a235
0	0.22	1.06	0.67	-0.63	0.24	-0.50	0.13	1.04	0.08	0.79	f471a4a1
0	1.32	1.29	1.54	1.95	1.95	1.66	1.48	1.13	1.54	1.42	f471a6dc
0	1.43	1.76	1.58	1.88	1.13	1.75	1.61	1.37	1.32	1.85	f471a935
0	0.91	1.76	1.26	1.52	1.62	1.31	1.90	1.41	1.27	1.56	f471ab78
0	-1.43	1.19	0.85	-2.30	0.45	1.06	0.40	-0.93	1.25	0.65	f471ad75
0	1.56	1.71	1.56	1.66	1.75	1.21	1.45	0.89	1.43	1.39	f471af73
0	-0.18	-0.31	1.02	1.94	0.19	0.63	0.48	0.16	0.57	-0.03	f471b173
0	0.85	1.28	0.92	-1.09	0.51	-0.15	0.43	0.52	0.27	-0.75	f471b385
0	1.55	1.59	1.83	1.34	1.36	1.56	1.45	1.54	1.14	1.70	f471b58c
0	1.46	1.63	1.56	1.37	1.09	1.30	1.41	1.62	1.20	1.85	f471b78a
1	0.56	0.45	0.46	0.55	0.23	0.57	0.83	0.69	0.28	0.39	f471b987
1	0.54	0.64	0.41	0.80	0.63	0.90	0.53	0.65	0.96	0.65	f471bb8f
1	0.44	0.62	0.51	0.66	0.19	0.71	0.74	0.77	0.68	0.63	f471bd8c
0	-0.01	-0.75	-0.27	-0.24	-0.12	1.13	0.69	-0.84	1.64	0.48	f471bfe6
1	0.84	0.59	0.77	0.56	0.80	0.80	0.77	1.15	0.98	0.50	f471c228
0	1.67	1.23	1.85	1.65	1.78	1.51	1.56	1.36	1.48	1.51	f471c5b8
0	1.14	1.45	1.81	2.04	1.46	1.01	1.44	1.88	1.62	1.60	f471c96e
0	1.23	1.50	1.37	1.59	1.33	1.41	1.39	1.45	1.71	1.53	f471cd42
0	1.22	1.24	0.21	0.96	-0.17	-0.08	-0.32	1.16	0.37	1.61	f471d011
0	2.06	1.53	1.98	1.44	1.56	1.50	1.80	1.59	1.54	1.69	f471d24c
0	1.48	1.12	1.61	0.82	1.71	1.28	2.05	1.69	1.43	1.19	f471d47a
1	0.76	0.67	0.99	0.41	0.76	0.65	0.88	0.99	0.85	0.68	f471d6a3
0	-0.96	0.50	-0.49	0.85	0.17	0.02	0.76	-0.04	1.84	-0.06	f471d8d1
0	1.62	1.45	1.88	1.38	2.05	1.34	1.37	1.27	1.74	1.16	f471daf8
0	-0.06	0.81	-0.12	1.86	0.14	0.41	-0.81	-1.22	1.20	-0.43	f471de19
1	0.26	0.46	0.66	0.44	1.00	0.43	0.43	0.41	0.60	0.89	f471e07a
0	1.45	1.61	1.48	1.78	1.22	1.28	2.00	1.86	1.67	1.33	f471e2b5
0	1.59	1.41	1.29	1.10	1.47	1.50	1.81	1.05	1.70	1.86	f471e4e3
0	1.75	1.93	1.53	1.12	1.87	1.95	1.87	1.34	1.43	1.99	f471e714
0	1.62	1.24	1.65	1.46	1.26	1.24	1.40	1.13	1.51	1.85	f471e938
0	1.60	1.63	1.31	1.66	1.63	1.71	1.57	1.84	1.29	1.15	f471eb61
1	0.55	1.08	0.70	0.50	0.88	0.74	0.55	0.79	1.04	0.76	f471ed87
0	0.97	0.95	0.26	-0.36	0.09	-0.31	0.05	0.01	-0.18	0.42	f471efd4
1	0.50	1.05	0.72	0.51	0.51	0.63	0.61	0.35	0.28	0.66	f471f1e6
0	1.42	1.12	1.56	1.59	1.58	1.46	1.87	1.47	1.54	1.12	f471f3ee
1	0.75	0.69	0.71	0.58	0.91	0.70	0.62	0.88	0.39	0.98	f471f5eb
0	1.50	1.32	1.60	1.22	1.09	1.92	1.84	1.48	1.54	1.36	f471f7e8
0	0.46	0.59	0.43	0.84	-0.31	0.42	-0.31	-0.62	-0.09	1.76	f471f9e6
0	-0.13	-0.54	0.89	-1.02	-0.39	1.08	0.48	0.29	0.49	0.08	f471fbe6
1	0.75	0.48	0.70	0.30	0.77	0.68	0.90	0.73	0.95	0.69	f471fde3
0	1.23	1.31	1.20	1.16	1.59	2.13	1.57	1.38	1.79	1.32	f471ffeb
1	0.50	0.47	1.10	0.40	0.52	1.03	0.65	0.79	0.55	0.56	f47201e8
0	1.80	2.04	1.56	1.29	1.49	1.39	1.16	1.62	1.34	1.38	f47203e8
0	1.34	1.95	1.22	1.15	1.64	1.65	1.84	1.71	1.33	1.18	f47205f0
0	0.82	-0.38	1.23	0.61	1.09	0.18	-0.11	-0.57	-0.71	-0.13	f47207ee
0	1.94	1.51	1.57	1.53	1.09	1.37	1.61	1.63	1.40	1.32	f47209eb
0	0.47	-0.58	-0.28	-0.11	0.03	0.35	0.76	0.59	0.12	0.51	f4720beb
1	0.35	0.67	0.53	0.50	0.75	0.85	0.63	0.52	0.82	0.85	f4720df3
0	0.16	0.86	0.20	-0.28	0.40	-0.74	-0.49	0.65	0.37	1.01	f4720ff0
0	1.55	1.70	1.28	1.61	1.94	1.39	1.74	1.36	1.34	1.58	f47211ee
0	1.60	1.54	1.83	1.64	1.26	1.68	1.89	1.46	1.43	1.38	f47213ee
0	1.70	1.50	1.50	1.55	1.86	1.05	1.77	2.02	1.21	1.83	f47215eb
0	1.15	1.63	1.38	1.34	1.20	1.23	1.82	1.67	1.67	2.02	f47217e6
0	2.12	1.04	1.27	1.46	1.67	1.33	1.48	1.39	1.29	1.80	f47219e6
0	0.93	1.58	1.48	1.39	1.55	1.58	0.98	1.69	1.73	1.61	f4721be3
1	0.74	0.61	0.76	0.41	0.83	1.09	0.99	0.88	0.72	0.88	f4721de1
0	1.50	1.88	2.14	1.79	1.15	1.92	1.34	1.64	1.78	1.36	f4721fe8
0	1.51	1.22	1.79	1.59	1.59	1.38	1.21	1.52	1.64	1.57	f47221e6
0	1.37	1.52	1.17	1.26	1.46	1.80	1.47	1.86	1.23	1.32	f47223e6
1	1.02	0.73	0.98	1.09	0.62	0.57	0.82	0.72	0.48	0.81	f4722663
1	0.98	0.97	1.19	0.60	0.70	0.66	0.53	0.81	0.59	0.42	f47228a1
0	1.64	1.75	1.29	1.54	1.35	1.54	1.55	0.81	1.27	1.77	f4722acf
0	1.68	1.33	1.98	1.85	1.20	2.02	1.37	1.45	1.24	1.31	f4722d1e
0	1.46	1.50	1.06	1.79	1.86	1.54	1.33	1.76	1.45	1.57	f4722f1c
0	0.46	2.32	0.58	1.10	0.60	0.74	0.26	0.45	1.01	-0.60	f4723173
1	0.46	0.73	0.50	0.85	0.76	0.62	0.86	0.55	0.72	0.71	f47233cc
1	1.14	0.82	0.74	0.58	0.73	0.93	0.99	0.38	0.55	0.45	f472364c
0	0.89	-0.36	0.30	-0.13	0.54	-1.27	0.97	0.28	0.03	-0.17	f4723887
0	1.38	1.57	1.47	1.33	1.24	1.39	1.66	1.54	1.76	2.16	f4723ab8
1	0.54	0.90	0.79	0.90	0.63	0.59	0.49	0.44	0.81	0.43	f4723cc0
0	0.30	0.11	0.69	1.22	-0.76	0.26	0.48	-1.49	1.62	0.47	f4723ebd
1	1.07	0.57	0.66	0.47	0.66	0.76	0.55	0.59	0.56	0.73	f47240b8
0	0.66	1.09	1.21	-0.72	1.27	-0.01	1.24	-0.16	0.62	1.10	f47242c2
0	1.83	1.63	1.65	1.29	1.25	1.25	1.78	1.32	1.98	1.04	f47244c0
0	1.71	1.46	1.59	1.52	1.43	1.45	1.30	1.05	1.39	1.39	f47246ca
0	1.07	1.37	1.24	1.15	1.22	1.95	1.22	1.55	1.77	1.53	f47248c5
1	0.70	0.66	0.82	0.46	0.45	0.77	0.64	0.58	0.63	0.66	f4724ac2
0	1.74	1.68	1.29	1.57	1.55	1.58	1.50	1.74	1.85	1.38	f4724cca
0	1.70	1.26	1.55	1.95	1.69	1.79	1.66	1.26	1.43	1.85	f4724eca
0	1.68	1.52	1.51	1.17	1.42	2.07	1.00	1.37	1.48	1.59	f47250c7
0	-0.51	-0.18	0.37	0.68	1.00	0.98	0.94	0.56	0.52	0.77	f47252cf
0	1.21	1.54	1.29	2.08	1.11	1.27	1.42	1.33	1.78	1.38	f47254cc
0	1.66	1.70	1.85	1.52	1.42	1.47	1.22	1.47	1.77	1.55	f47256ca
0	1.25	1.72	1.48	1.38	1.55	1.62	1.43	1.73	1.97	1.68	f47258d1
0	1.59	1.67	1.20	1.27	1.45	1.29	1.85	1.32	1.15	1.54	f4725ad1
0	1.55	1.78	1.60	1.11	1.79	1.59	1.47	1.65	1.54	1.54	f4725ce3
0	1.16	2.06	1.53	1.44	1.80	1.55	1.47	1.57	1.68	1.39	f4725ee1
0	1.77	1.44	1.04	1.31	1.36	1.49	1.75	1.46	1.70	1.83	f47260de
0	1.48	1.40	1.24	1.45	1.54	1.67	1.35	1.36	1.57	1.57	f472634a
0	1.47	1.29	1.91	1.10	1.71	1.72	1.53	1.33	1.27	1.82	f4726591
0	1.67	1.65	1.63	1.54	1.36	1.26	1.57	1.40	1.41	1.51	f472686b
0	1.15	1.79	1.30	1.94	1.53	1.86	1.60	1.53	1.79	1.23	f4726ad7
0	1.50	1.37	1.49	2.17	1.23	1.73	1.76	1.01	1.84	1.57	f4726cde
0	1.34	1.38	1.80	1.17	1.60	1.21	1.24	1.42	0.97	1.40	f4726ee6
0	1.59	1.67	1.79	1.45	1.12	0.83	1.42	1.17	1.53	1.06	f47270e3
0	1.50	1.88	1.22	1.48	1.39	1.52	1.29	1.52	1.50	1.58	f47272e1
0	1.58	1.30	1.56	1.29	1.49	1.35	1.23	1.45	1.23	1.49	f47274e1
0	1.56	1.44	1.37	1.64	1.67	1.56	1.62	1.20	1.31	1.99	f47276e8
0	-1.06	0.67	-0.10	0.72	0.30	1.11	-0.76	0.10	0.16	-0.23	f47278dc
1	0.59	0.65	0.72	0.99	0.53	0.53	0.93	0.53	0.48	0.68	f4727b5c
0	1.96	1.68	1.86	1.62	1.45	1.97	1.34	1.69	1.45	1.68	f4727d8c
0	-1.17	-0.21	0.16	1.24	-0.94	-0.71	-2.13	-0.41	0.73	1.16	f4727fb3
1	0.85	1.17	0.53	0.56	0.87	1.00	1.18	0.39	0.42	0.54	f47281e3
0	1.24	1.43	1.41	1.58	0.96	1.62	1.25	1.65	1.20	1.40	f4728426
0	1.62	1.39	1.35	1.28	1.40	1.73	0.99	1.41	1.53	2.19	f4728623
0	1.14	1.47	0.91	1.68	1.38	1.60	1.12	1.70	1.63	1.81	f4728823
0	1.59	1.54	1.83	1.14	1.31	1.69	1.10	2.18	1.38	1.76	f4728a21
0	1.35	1.26	1.26	1.85	1.93	1.37	1.73	1.41	1.70	2.01	f4728c1c
0	1.57	1.81	1.20	1.48	1.52	1.32	1.97	1.09	1.08	1.13	f4728e1c
0	1.44	1.33	1.57	1.50	1.39	1.19	1.45	1.10	0.94	1.21	f4729019
1	0.58	0.86	0.73	0.98	0.67	0.66	0.61	0.51	0.79	0.70	f4729217
0	0.71	0.17	0.71	0.05	0.37	0.61	-0.62	-1.31	0.67	-0.23	f4729428
0	-1.10	0.76	1.22	0.12	-0.24	0.54	0.66	-0.03	-0.18	0.21	f472968a
0	0.97	1.16	1.14	-0.22	-0.10	-0.35	-0.38	-0.02	-0.75	0.25	f47298c5
1	0.99	0.74	0.68	0.81	0.61	0.39	0.48	0.83	0.83	0.49	f4729af5
0	1.36	1.47	1.28	1.54	1.53	1.26	1.77	1.66	1.71	1.83	f4729d26
0	-0.17	-0.32	-0.45	0.03	0.73	0.46	-0.54	1.06	0.79	1.11	f4729f23
0	1.33	1.55	1.29	1.49	2.04	1.35	1.32	1.75	1.25	1.33	f472a12b
0	1.83	1.61	1.49	1.45	1.50	1.67	0.98	1.28	1.64	1.58	f472a38c
0	0.40	0.36	-0.07	0.50	-0.28	0.68	-1.21	0.62	0.21	-0.80	f472a730
0	1.26	1.46	1.45	1.43	1.39	1.57	1.61	1.18	1.65	1.55	f472ab19
0	1.37	0.02	0.92	1.10	0.54	-0.18	-0.02	0.22	0.21	-0.41	f472ad78
0	-0.79	-0.75	-0.04	0.12	0.56	0.60	1.30	1.07	0.08	-0.81	f472af82
0	0.84	1.38	1.45	1.67	1.50	1.48	1.51	2.18	1.43	1.36	f472b18a
0	1.57	1.73	1.09	1.20	1.51	1.50	1.38	1.88	1.49	1.39	f472b38a
0	1.42	1.38	1.06	1.90	2.00	1.62	1.39	1.55	1.62	1.74	f472b591
1	0.76	0.97	0.80	0.92	0.65	1.44	1.06	0.60	0.71	0.63	f472b78f
0	-1.43	0.14	0.40	0.63	-0.87	0.67	-0.02	0.49	0.70	1.10	f472b98a
0	1.42	1.64	1.63	1.69	1.12	1.39	1.33	1.73	0.89	1.48	f472bb94
0	0.24	-0.25	1.35	-0.41	1.84	0.27	0.46	-0.05	-0.42	0.61	f472bd9c
0	1.07	1.30	1.50	1.59	1.54	1.59	1.55	1.56	1.42	1.34	f472bf9c
0	1.73	1.59	1.18	1.05	1.44	1.88	1.77	1.51	1.16	1.77	f472c1a3
1	0.47	0.73	0.80	0.39	0.40	0.66	0.77	0.30	0.63	0.46	f472c3a1
0	1.78	1.36	1.47	1.25	1.41	1.32	1.83	1.74	1.54	1.22	f472c5a8
0	1.12	1.62	1.46	0.88	1.63	1.68	1.10	1.24	1.11	1.89	f472c7a6
0	1.53	1.19	1.51	1.67	1.52	1.10	1.29	1.33	1.57	1.62	f472c9ae
0	1.70	1.48	1.63	1.20	1.51	1.28	1.78	1.08	1.97	1.25	f472cbb5
0	1.05	1.59	1.64	1.40	1.18	1.27	1.30	1.68	1.60	1.07	f472cdbd
0	1.38	1.73	2.11	1.04	1.57	1.11	1.07	1.64	1.41	1.96	f472cfc5
0	-0.40	0.35	0.62	-0.25	0.84	-0.94	-1.10	1.16	0.94	0.29	f472d1cc
0	0.87	-0.09	1.10	0.47	-0.03	-0.50	0.93	-0.13	-0.40	0.61	f472d3fd
1	0.89	0.74	0.66	0.97	0.55	0.54	0.57	0.42	0.41	0.63	f472d638
0	0.25	-0.48	0.14	0.32	-0.01	0.17	0.27	-0.30	-0.48	0.28	f472d85e
1	0.52	0.43	0.70	0.84	0.41	0.34	0.51	0.28	0.86	0.66	f472da99
0	1.38	0.97	1.57	1.75	2.03	1.45	1.36	1.59	1.21	1.70	f472dcc7
0	1.71	1.49	1.56	1.50	1.43	1.44	1.56	1.57	1.31	1.31	f472df02
1	0.66	1.22	0.87	0.76	0.54	0.84	0.62	0.26	0.63	0.46	f472e10a
0	1.44	1.38	1.55	1.43	2.01	1.74	1.56	1.19	1.36	1.50	f472e311
0	-0.43	1.94	1.31	0.97	1.24	0.06	-0.09	0.75	-1.11	0.19	f472e50f
0	1.40	1.63	1.65	1.39	1.35	1.38	1.60	1.87	1.44	1.50	f472e70f
0	0.59	0.91	-0.18	-0.06	0.63	0.35	0.43	-0.11	0.88	-0.43	f472e917
0	1.14	1.26	1.44	1.81	1.20	1.67	1.38	1.67	1.73	1.48	f472eb14
0	1.42	1.25	1.24	1.38	1.30	1.35	1.23	1.75	1.90	1.71	f472ed11
1	0.75	0.57	0.75	0.89	0.45	1.25	0.67	0.89	0.84	1.10	f472ef19
0	-0.57	0.63	-0.38	0.91	0.23	-0.65	-0.63	1.62	0.35	0.20	f472f119
0	1.22	1.66	1.75	1.38	1.61	1.74	1.51	1.20	1.35	1.42	f472f321
1	0.75	0.93	0.95	1.03	0.99	0.08	1.28	0.82	0.74	0.60	f472f5f0
0	1.66	1.94	1.15	1.76	1.46	1.88	1.49	1.25	1.80	1.54	f472f828
0	1.82	1.61	1.60	1.22	1.78	1.24	1.62	1.42	1.77	1.09	f472fa33
1	0.67	0.78	0.65	0.53	0.68	0.62	0.51	0.71	0.42	0.77	f472fc30
1	0.63	0.56	0.57	0.67	0.57	0.80	0.65	0.59	0.94	0.96	f472fe38
0	1.48	1.57	1.58	1.46	1.23	1.39	1.86	1.25	1.61	1.26	f4730035
0	1.32	1.42	1.62	1.56	1.45	1.69	1.19	1.43	1.33	1.62	f4730233
0	1.32	1.56	2.14	0.84	1.39	1.48	1.14	1.54	1.33	1.37	f473043a
0	-0.27	0.92	0.87	0.01	-0.32	0.56	0.36	0.25	-0.09	1.14	f4730645
0	1.08	1.88	1.46	1.44	1.30	2.04	1.66	1.44	1.38	1.75	f4730842
1	0.42	0.88	0.41	0.52	0.50	0.62	0.81	0.67	0.71	0.62	f4730a4a
0	-0.22	0.08	0.97	1.33	-0.57	-0.34	0.59	1.12	-0.70	0.95	f4730c82
1	0.69	0.67	0.64	0.86	0.80	0.74	0.75	0.74	0.16	0.55	f4730eb3
0	1.62	1.25	1.59	1.44	1.17	1.27	1.56	1.64	1.85	1.79	f47310d9
1	0.82	0.72	0.80	0.75	0.82	1.00	0.67	0.61	0.75	0.92	f473130a
0	1.36	1.02	1.61	1.41	1.87	1.76	1.00	1.38	1.25	1.66	f473154f
0	0.21	0.50	-0.78	0.22	1.09	-0.11	0.00	0.00	-1.12	1.23	f473177d
0	1.56	1.29	1.59	1.69	1.62	1.86	1.58	1.16	1.37	1.31	f47319e1
1	0.90	1.01	0.66	1.09	0.73	0.90	1.07	0.94	1.21	0.84	f4731c0f
0	1.86	1.45	2.16	1.81	1.15	1.65	1.44	1.36	1.40	0.99	f4731e35
0	1.13	1.26	1.57	1.67	2.05	1.40	1.08	1.73	1.60	1.98	f4732066
0	1.30	1.31	1.32	1.41	1.15	1.57	1.63	1.58	0.89	1.56	f473228c
0	1.74	1.57	1.75	1.12	1.60	1.68	1.48	1.71	1.14	1.35	f47324c7
0	1.67	1.31	1.66	1.59	1.58	1.40	1.89	1.23	1.38	1.67	f47326cf
0	1.89	1.68	1.53	1.46	1.72	1.48	1.35	1.57	1.04	1.97	f473291c
0	-0.33	0.30	-1.18	0.36	0.68	0.70	-0.17	0.64	-0.37	0.74	f4732b4a
0	1.27	1.66	1.71	1.59	1.56	1.41	1.45	1.83	1.50	1.60	f4732d73
0	1.32	1.76	1.66	1.54	1.47	1.20	1.32	1.16	1.60	1.49	f4732f99
0	1.37	1.45	1.19	1.67	1.16	1.41	1.57	1.58	1.47	1.11	f47331bd
1	0.51	0.37	0.37	0.22	0.33	0.24	0.48	0.76	0.32	0.58	f47333e3
0	1.41	1.65	1.38	1.44	1.35	1.84	1.28	1.52	1.94	1.73	f4733614
0	1.76	1.33	1.82	1.79	1.27	2.00	1.30	1.45	1.29	1.71	f473383a
1	0.50	0.88	0.94	0.49	0.61	0.53	0.16	0.62	0.50	0.87	f4733a68
0	1.60	1.40	1.62	1.26	1.33	1.89	1.42	1.53	1.46	1.61	f4733c99
0	1.64	1.61	1.95	1.89	1.09	1.56	1.51	1.17	1.86	1.53	f4733eca
0	1.44	1.58	1.84	1.71	0.93	1.54	1.19	1.41	2.15	1.58	f47340f0
0	1.35	0.18	0.30	0.29	-0.70	1.03	0.85	1.11	-0.89	0.10	f4734317
0	1.80	1.66	1.69	1.64	1.62	1.38	1.86	1.41	1.67	1.52	f4734545
1	0.69	0.66	0.48	0.92	0.68	0.33	1.17	0.71	0.44	0.38	f4734794
0	1.60	1.50	1.51	1.57	1.18	1.82	1.67	1.82	1.71	1.27	f473499c
0	1.75	1.35	1.60	1.65	1.75	1.39	1.86	1.49	1.47	1.59	f4734b8f
1	0.13	0.72	0.56	0.53	0.84	0.68	0.95	0.78	1.06	0.90	f4734d99
0	1.82	2.18	1.30	1.16	1.69	1.63	1.43	1.56	1.55	1.42	f4734f97
1	0.69	0.35	0.64	0.77	0.70	0.59	0.77	0.53	0.38	0.61	f4735194
1	0.92	0.91	1.09	1.06	0.75	1.06	0.67	0.88	0.75	1.15	f4735391
0	1.53	1.87	1.46	1.49	1.11	1.16	1.69	1.55	1.20	1.10	f473558f
0	1.64	1.56	1.31	1.44	1.85	1.68	1.89	1.40	1.26	1.22	f473578c
0	1.24	1.15	1.61	0.96	1.57	1.09	1.58	1.73	1.30	1.26	f4735982
1	0.77	0.83	0.55	0.60	0.84	1.30	0.78	0.56	0.74	0.67	f4735b80
0	1.82	1.26	1.25	1.04	1.28	1.54	1.55	1.18	1.48	1.10	f4735d7d
0	1.52	1.14	1.61	1.49	1.43	1.97	1.00	1.60	1.41	1.54	f4735f7d
0	1.14	1.30	1.96	1.51	1.86	1.78	1.42	1.57	1.65	1.38	f473617a
1	0.76	0.53	0.62	0.95	0.51	0.88	0.57	0.75	0.92	0.64	f4736378
0	0.97	1.50	1.43	1.66	1.78	1.53	1.24	1.33	1.40	1.15	f4736580
0	1.62	1.49	1.66	1.18	2.14	1.40	1.85	1.40	1.43	1.27	f4736780
1	0.46	0.42	0.61	0.89	1.02	0.67	1.00	0.73	1.03	0.55	f473697d
1	0.56	0.50	0.53	0.73	0.85	0.53	0.38	0.61	0.38	0.89	f4736b78
0	1.20	1.59	1.06	1.39	1.69	1.35	1.37	1.31	1.49	1.40	f4736d75
0	1.42	1.28	1.21	1.18	1.39	1.62	0.90	1.33	1.14	1.63	f4736f75
1	0.26	0.40	0.64	0.99	0.63	0.80	0.68	0.85	0.53	0.57	f473717d
1	0.78	1.06	0.57	1.11	1.33	0.77	0.64	0.87	0.81	0.78	f4737387
0	1.83	1.78	1.33	1.69	2.13	1.50	1.38	1.59	1.61	1.36	f4737582
1	0.38	0.88	0.44	0.95	0.42	0.71	1.08	0.87	0.48	0.68	f4737780
1	0.42	0.85	0.57	0.53	0.83	0.53	0.51	0.50	0.67	0.59	f4737980
1	0.89	1.18	0.59	0.89	0.62	0.88	0.95	0.96	0.75	0.75	f4737b7d
0	1.21	1.82	2.15	1.62	1.74	1.47	1.72	1.84	1.74	1.54	f4737d7a
0	1.49	1.41	1.63	1.62	1.32	0.97	1.80	1.44	1.60	1.13	f4737fc0
0	1.76	1.33	1.59	1.35	1.54	1.38	1.09	1.24	1.42	1.13	f47382a3
0	1.78	1.67	1.64	1.66	1.65	1.51	1.72	1.52	1.64	1.70	f4738507
0	1.60	1.72	1.45	1.58	1.33	1.81	1.45	1.53	1.35	1.43	f4738766
1	0.66	0.61	0.48	0.72	0.76	0.75	1.14	0.59	0.65	0.47	f47389c0
0	1.30	1.94	1.67	1.06	1.73	1.95	1.08	1.44	1.59	1.41	f4738bc7
0	-0.36	0.22	1.57	-0.80	0.02	-0.12	-0.01	1.27	1.71	1.01	f4738dc5
0	1.33	2.06	1.07	1.71	1.32	1.24	1.42	1.73	1.59	1.31	f4738fcc
0	0.97	-0.03	-0.87	-0.33	-0.73	-2.08	-0.83	-0.56	-0.32	-0.95	f47391c2
0	1.83	1.87	1.49	1.18	1.27	1.38	1.39	1.49	1.77	1.24	f47393c0
0	1.53	1.97	1.13	1.63	1.87	1.37	1.51	1.49	0.96	2.08	f47395b5
1	0.48	0.48	0.60	0.57	0.61	0.50	0.45	0.77	0.52	0.59	f47397bd
0	1.75	1.95	1.66	1.36	1.76	1.45	1.89	1.80	1.48	1.33	f47399ae
0	1.34	1.92	1.30	1.70	1.35	1.49	1.59	1.61	1.31	2.17	f4739bae
0	0.28	-0.78	-1.51	-0.98	-0.45	-0.15	0.53	0.10	-0.10	-1.12	f4739dab
1	1.01	0.72	1.12	0.71	0.90	0.94	0.44	0.70	0.48	0.93	f4739fb3
0	1.68	1.16	1.63	1.44	1.70	1.33	1.33	1.27	1.53	1.54	f473a1b0
0	1.49	1.56	1.53	1.29	1.41	1.34	1.24	1.67	1.50	0.87	f473a3b0
0	1.30	1.28	1.63	1.49	1.59	1.37	1.26	1.36	1.52	1.83	f473a5ae
0	1.49	1.31	2.09	1.39	1.47	1.63	1.29	1.38	1.69	1.01	f473a7b5
1	0.60	0.50	0.80	0.78	0.58	0.59	0.55	0.23	0.62	0.48	f473a9bd
0	1.18	1.61	1.85	1.30	1.67	1.43	2.03	1.40	1.39	1.60	f473abba
0	1.41	1.58	0.86	1.24	1.28	0.77	1.75	1.18	1.56	1.11	f473adba
0	1.10	1.52	1.38	1.76	1.35	1.59	1.62	1.61	1.32	1.61	f473afb8
0	1.06	1.30	1.62	1.47	1.56	1.57	1.40	1.64	1.75	1.54	f473b1b5
0	1.00	1.21	-0.50	1.49	0.63	0.50	1.68	0.96	0.29	-0.46	f473b3b5
0	1.67	1.23	1.75	1.30	1.54	1.19	1.01	1.78	1.52	1.43	f473b5b3
1	0.75	0.66	1.10	0.47	0.56	0.75	0.43	0.53	0.44	0.97	f473b7ba
0	1.36	1.77	1.40	1.70	2.20	0.84	1.61	1.87	1.34	1.27	f473b9b8
1	0.83	0.74	0.75	0.97	0.97	1.00	0.62	0.71	0.18	0.79	f473bbc0
0	1.38	1.49	1.15	1.58	1.37	1.42	1.26	1.68	1.26	1.57	f473bdbd
0	1.56	1.90	1.98	1.57	1.04	1.23	1.40	1.36	1.38	1.90	f473bfb0
1	1.07	0.88	0.80	0.74	0.63	0.92	0.73	0.87	1.07	0.84	f473c1ae
0	1.01	1.44	1.65	1.73	1.34	1.88	1.22	1.51	1.87	1.72	f473c3ae
0	1.37	1.74	2.05	1.08	1.10	1.57	1.15	1.90	1.57	1.82	f473c5ab
1	0.72	0.45	0.69	0.58	0.39	0.24	0.33	0.96	0.48	0.85	f473c7a8
0	0.94	0.70	-0.87	0.81	0.09	-0.21	1.68	0.78	1.68	-1.46	f473c9a8
0	0.32	0.82	0.27	-0.33	1.10	1.43	0.18	-0.70	-0.49	0.70	f473cba6
0	1.37	1.54	1.36	1.48	1.63	1.05	1.01	1.77	1.18	1.98	f473cda3
0	1.11	1.92	1.93	1.36	0.82	1.70	1.65	1.24	1.90	1.70	f473cfa3
0	1.29	1.85	1.62	1.59	0.90	1.43	1.26	1.78	1.58	1.52	f473d194
0	1.22	1.32	1.22	1.83	1.62	1.48	1.33	1.52	1.21	1.49	f473d394
0	1.61	1.35	2.01	1.40	1.53	1.62	1.24	1.92	1.84	1.08	f473d591
1	0.59	0.21	0.65	0.55	0.53	0.72	0.51	0.49	0.50	0.65	f473d78f
0	1.55	1.49	1.47	1.54	1.55	1.45	1.65	1.47	1.56	1.59	f473d98c
0	1.59	1.74	1.72	2.23	1.45	1.63	1.31	1.36	1.58	1.67	f473dbdc
0	1.55	1.73	1.25	1.71	1.18	1.28	1.75	1.60	1.59	1.47	f473de02
0	1.74	1.79	1.56	1.85	1.75	1.57	1.70	1.88	1.53	1.36	f473e028
0	1.66	1.54	1.33	1.24	1.66	1.82	1.66	1.30	1.62	1.88	f473e259
1	0.92	0.44	0.24	0.58	0.70	0.89	0.61	0.65	0.55	0.42	f473e47d
0	1.49	1.75	1.52	1.91	1.49	1.02	1.30	1.49	1.62	1.30	f473e6a3
0	1.39	1.45	1.94	1.51	1.58	1.16	1.01	1.42	1.60	1.38	f473e8f3
1	0.97	0.75	0.56	0.97	0.91	0.88	0.74	0.77	0.44	1.30	f473eafa
0	1.01	1.46	1.41	1.13	1.35	1.64	1.30	1.80	1.66	1.58	f473ecf8
0	1.76	1.78	1.03	1.35	1.39	1.26	1.39	1.80	1.21	1.58	f473eef8
0	0.90	1.47	1.53	1.87	1.50	1.52	1.57	1.28	1.49	1.29	f473f13a
1	1.39	0.85	1.05	0.83	0.46	0.47	0.82	0.76	0.80	0.99	f473f36b
0	0.00	1.57	1.01	0.09	0.76	0.75	0.08	-0.60	-0.53	0.55	f473f58f
0	1.60	1.66	1.41	1.50	1.10	1.59	1.80	1.77	1.71	1.68	f473f7e8
0	1.78	1.89	1.46	1.42	1.51	1.48	1.38	1.63	1.82	1.57	f473fa17
0	1.22	1.25	1.39	1.86	1.91	1.50	1.29	1.38	1.10	1.80	f473fc40
0	0.22	1.41	0.51	1.28	-0.12	-0.32	-0.14	-0.10	-0.29	-0.36	f473fe6e
0	-0.67	-0.25	-0.10	-0.24	-0.23	-1.48	0.81	-0.29	-0.39	1.48	f474006b
0	2.08	1.69	1.41	1.27	1.28	1.48	2.22	1.28	1.49	1.43	f4740268
0	1.57	1.71	1.23	1.66	1.16	1.77	1.05	1.50	1.56	1.50	f4740466
0	-0.26	-0.56	-0.19	-0.33	-1.66	-0.17	0.57	-0.25	0.93	-0.52	f4740666
0	1.29	0.77	1.74	1.25	1.61	1.48	1.37	1.85	1.24	1.34	f474086e
0	0.17	0.37	-0.20	0.28	0.29	-0.84	-1.23	0.74	0.83	-0.16	f4740a6b
0	1.45	1.89	1.30	1.51	1.09	1.37	1.28	1.37	1.61	1.23	f4740d14
0	-1.20	-1.31	-0.42	-0.78	0.54	-0.67	-0.64	0.54	1.30	0.24	f4740f42
0	1.98	1.68	1.51	1.22	1.25	1.61	1.51	1.16	1.53	1.75	f4741157
1	0.39	0.54	0.62	0.63	0.79	0.25	0.65	0.82	1.01	0.59	f474135e
1	0.58	0.85	0.77	0.67	0.58	0.70	0.88	0.83	0.77	0.37	f4741566
0	1.39	1.65	1.68	1.62	1.39	1.51	1.84	1.10	1.50	1.28	f4741763
0	1.97	1.81	1.28	1.59	1.01	1.16	1.54	1.11	1.56	1.46	f4741963
0	1.33	1.25	1.75	1.33	1.38	1.66	1.80	1.35	1.08	1.63	f4741b6b
0	1.54	1.39	1.65	1.40	1.62	1.38	1.32	1.30	1.49	1.50	f4741d68
0	1.75	1.40	1.64	1.62	1.63	1.49	1.92	1.64	0.85	2.05	f4741f63
0	1.89	1.65	1.55	1.28	1.65	1.78	2.15	1.58	1.65	1.55	f4742163
0	0.36	-0.36	-0.14	0.81	1.48	-0.13	0.20	-0.21	1.28	-0.00	f4742357
1	0.65	0.69	0.73	1.15	0.94	0.78	0.69	0.55	0.95	0.95	f4742568
0	-0.13	0.95	1.93	-0.52	0.89	-0.54	0.32	-1.00	0.80	0.78	f4742766
1	0.60	0.41	0.56	0.61	0.51	0.35	0.25	0.70	0.51	0.51	f474296e
0	1.36	1.70	1.35	1.38	1.43	1.30	1.22	1.16	1.67	1.49	f4742b63
1	0.57	0.23	0.77	0.87	0.39	0.68	0.43	0.74	0.50	0.56	f4742d94
1	0.68	0.61	0.67	0.44	0.39	0.85	0.64	0.90	0.55	0.62	f4742f9c
0	1.15	1.55	1.98	1.32	1.66	1.82	1.47	1.49	0.86	1.66	f47431c2
0	2.20	1.35	1.42	1.52	1.65	1.47	1.81	1.09	1.31	1.36	f47433f3
1	0.67	0.45	0.16	0.63	0.40	0.59	0.89	0.79	0.94	0.76	f4743623
0	1.45	1.36	1.60	1.64	0.77	1.58	1.07	1.69	1.59	1.81	f4743866
0	1.83	1.64	1.53	1.28	1.69	1.11	1.60	1.65	1.33	1.54	f4743c57
0	1.36	1.56	1.54	1.56	1.58	1.77	1.37	1.46	1.25	1.25	f4743ffa
0	1.97	1.11	1.22	1.62	1.20	1.66	1.72	1.37	1.78	1.52	f474437d
0	0.87	0.31	0.75	0.53	0.52	0.46	0.92	-1.07	0.62	0.47	f4744751
0	1.00	1.38	1.03	1.50	0.85	1.71	1.09	1.53	1.54	1.56	f4744b11
0	1.91	1.25	2.07	1.63	1.78	1.85	1.15	1.26	1.77	1.05	f4744d57
0	1.26	1.51	0.87	1.54	1.65	1.31	1.10	1.50	1.31	1.27	f4744f5e
0	1.27	-0.02	0.01	0.05	0.88	-0.60	-0.27	-0.96	-0.25	-0.91	f4745166
0	-0.94	1.50	0.29	1.63	-1.09	0.10	0.99	-0.43	0.85	-0.23	f4745363
0	1.44	1.12	1.61	1.71	1.19	1.23	1.56	1.41	1.62	1.69	f4745575
1	0.52	0.57	0.80	0.66	0.63	0.92	0.76	0.80	0.68	0.97	f4745773
0	1.24	1.64	1.40	1.42	1.87	1.92	1.55	1.59	1.44	1.44	f474597a
1	0.89	0.87	1.12	0.95	1.10	0.67	0.74	0.84	0.24	0.76	f4745bab
0	-0.40	0.45	0.72	0.41	0.54	0.35	-0.23	0.33	1.15	0.90	f4745ddc
0	1.45	1.32	1.41	1.58	1.68	1.22	1.18	1.43	1.47	1.36	f4746002
1	0.35	0.55	0.57	0.51	0.75	0.65	0.55	0.87	0.64	0.49	f4746233
0	1.34	1.71	1.74	1.31	1.35	1.51	1.75	1.79	2.18	1.70	f4746457
0	1.34	1.75	1.29	1.03	1.47	1.49	1.28	1.23	1.39	1.18	f474667d
0	1.44	1.48	1.66	1.51	1.43	1.37	1.32	1.42	1.39	1.67	f47468d7
0	-0.50	2.25	0.46	0.72	-0.06	0.63	-1.13	0.09	1.14	-0.57	f4746b0f
1	0.58	0.64	0.78	0.72	0.43	0.50	0.84	0.69	0.61	0.55	f4746d4a
0	-0.33	-0.58	-0.30	-0.18	-0.27	1.38	0.04	1.18	1.29	-0.23	f4746f70
0	1.54	1.30	1.53	1.65	1.70	1.55	1.69	1.22	1.10	1.90	f474719e
0	1.20	1.45	1.31	1.38	1.70	1.63	1.55	1.75	1.13	1.94	f47473cf
0	1.69	1.57	1.36	1.51	1.13	1.76	1.55	1.54	1.22	1.64	f47475eb
0	1.64	1.19	1.77	1.81	1.60	0.92	1.44	1.61	1.43	1.55	f474781c
0	1.71	1.13	1.73	1.39	1.62	2.02	1.90	1.40	1.19	1.20	f4747a23
1	0.79	1.16	0.63	1.05	0.39	1.18	0.89	0.36	0.86	0.78	f4747c23
0	1.25	1.19	1.47	1.19	1.27	1.42	1.17	1.19	1.35	1.30	f4747e21
1	0.30	0.55	0.29	0.87	0.83	0.71	0.70	0.71	0.82	0.77	f474801e
0	1.88	1.46	0.96	1.40	1.43	1.18	1.52	1.38	1.64	1.59	f4748226
0	-0.07	0.08	1.22	1.09	1.30	0.69	0.31	-0.78	-0.04	0.53	f4748423
0	-0.16	1.20	1.12	-0.53	-0.92	0.98	-0.65	-0.14	-0.87	0.39	f4748621
0	0.27	-0.18	0.50	-0.86	0.06	0.24	1.87	-0.38	0.63	-0.49	f4748835
1	0.92	0.87	0.41	0.78	0.53	0.49	0.82	0.94	0.58	0.73	f4748a3d
0	1.78	1.05	1.77	1.60	1.33	1.57	1.87	1.33	1.79	1.32	f4748c30
0	1.38	1.50	1.71	1.91	1.46	1.25	1.41	1.04	1.49	1.72	f4748e2e
0	1.92	1.65	1.40	1.36	1.76	1.46	1.75	1.83	1.58	1.57	f474902b
0	1.69	1.37	1.82	1.53	1.96	1.46	1.46	1.45	1.32	1.21	f4749228
0	0.98	1.60	1.55	1.28	1.53	1.47	1.57	1.49	1.07	1.15	f4749426
1	1.15	0.71	0.88	1.06	0.84	0.57	0.68	0.60	0.95	0.72	f474962e
1	0.52	0.67	0.40	0.60	0.65	0.64	0.66	0.57	0.67	0.31	f4749835
1	0.72	0.73	0.61	0.71	0.88	0.76	0.56	0.68	0.79	0.97	f4749a35
1	0.56	0.71	0.46	0.60	0.41	0.43	0.77	0.69	0.80	0.89	f4749c33
0	-0.41	0.65	1.30	-0.17	-1.37	1.27	0.71	0.29	0.78	0.36	f4749efa
0	1.48	1.44	1.39	1.34	1.45	1.53	1.52	1.31	1.48	1.39	f474a13d
0	1.12	1.90	1.00	1.66	1.48	1.93	1.17	2.10	1.81	1.37	f474a345
0	1.92	1.44	1.18	1.68	1.96	1.29	1.48	2.21	1.37	1.44	f474a542
1	1.02	0.73	0.73	0.65	0.17	0.59	0.62	0.86	0.59	0.74	f474a74a
0	1.54	1.05	1.52	2.02	1.62	1.18	1.43	1.41	1.72	1.71	f474a94a
0	1.56	1.15	1.49	1.56	1.87	1.63	1.28	1.85	1.47	1.42	f474ab51
0	1.74	1.49	0.03	-1.02	2.10	-0.49	-0.43	0.95	-0.72	1.24	f474ad4f
1	0.75	0.58	0.83	0.70	0.65	0.78	0.85	0.80	0.66	0.98	f474af57
0	1.63	1.92	1.34	1.57	1.69	1.65	1.44	1.23	1.61	1.43	f474b154
0	1.62	1.61	1.90	1.55	1.43	1.21	1.70	1.21	1.40	1.57	f474b354
0	0.71	-0.17	0.20	1.08	0.70	0.57	0.68	-1.11	0.29	0.05	f474b55c
0	1.43	1.71	2.04	1.97	1.21	1.66	1.40	2.08	1.44	1.91	f474b759
0	1.29	1.81	1.49	1.17	1.91	1.06	1.20	1.50	1.68	1.47	f474b957
0	1.82	1.64	1.74	1.65	1.93	2.00	1.40	1.44	1.24	1.45	f474bb99
1	0.66	0.99	0.58	0.71	0.47	0.93	0.79	0.80	0.89	1.11	f474bdd7
0	1.60	1.55	1.61	1.41	1.40	0.97	1.75	1.45	1.46	1.59	f474c005
1	0.52	0.40	0.70	0.38	0.53	0.68	0.59	0.63	0.55	0.59	f474c235
0	1.32	1.25	0.06	-0.71	-1.58	0.75	0.19	-0.79	-0.07	1.16	f474c45c
0	1.44	1.25	1.33	1.21	1.55	1.61	1.85	1.74	1.61	1.33	f474c68c
0	1.45	1.40	1.31	1.48	1.61	1.37	1.36	1.62	1.25	1.60	f474c8c5
0	1.48	1.50	1.52	1.36	1.33	1.36	1.75	1.94	1.94	1.59	f474cacc
1	0.55	0.46	0.58	0.48	0.40	0.45	0.63	0.93	0.35	0.44	f474cccc
0	1.46	1.69	1.43	1.84	1.07	1.48	1.44	1.40	1.40	1.57	f474ceca
0	1.49	1.44	1.61	1.05	1.36	1.65	1.20	1.29	1.53	1.60	f474d0c7
0	1.28	1.52	1.46	1.27	1.74	1.33	1.70	1.47	1.62	1.83	f474d2f8
0	1.35	1.28	1.20	1.37	1.52	1.60	1.58	1.23	2.18	1.39	f474d528
0	1.51	1.51	1.20	1.57	1.07	1.65	1.95	1.58	1.48	0.86	f474d74c
0	0.71	1.51	0.84	0.62	0.35	-0.04	0.93	-0.27	0.05	1.42	f474d991
0	1.53	1.74	1.59	1.14	1.26	1.54	1.28	1.91	1.48	1.57	f474dbd7
0	1.62	1.41	1.30	1.81	1.48	1.82	1.86	2.04	1.01	1.49	f474de07
0	0.29	0.99	-1.15	1.52	0.83	1.37	-0.52	0.02	-0.36	-0.78	f474e038
0	1.62	1.57	1.16	0.88	1.43	1.78	1.45	1.87	1.23	1.52	f474e233
0	1.59	1.63	1.67	1.68	1.41	1.42	1.65	1.87	1.74	1.34	f474e430
0	1.50	1.19	1.09	1.35	1.40	1.53	1.66	1.21	1.96	1.63	f474e638
0	-0.47	-0.03	0.24	-0.15	0.83	-0.76	1.27	-1.05	-0.08	1.02	f474e838
0	1.65	1.64	1.55	1.20	1.69	1.49	1.23	1.66	1.44	1.17	f474ea35
0	1.70	1.60	1.54	1.67	1.86	1.21	1.51	1.25	1.15	1.67	f474ec33
0	-0.24	0.97	0.30	-0.70	1.21	-0.06	0.73	-1.11	1.52	-0.26	f474ee30
0	1.29	1.74	1.46	1.01	1.04	1.25	1.14	1.39	1.30	1.52	f474f030
0	1.29	1.76	1.17	1.35	1.57	1.26	1.56	1.56	0.91	1.65	f474f22e
0	1.45	1.72	1.74	1.66	1.74	1.31	1.48	1.78	1.28	1.53	f474f440
0	1.60	1.46	1.18	1.41	1.33	1.69	1.58	1.76	1.31	1.17	f474f647
1	0.95	0.77	0.75	0.38	0.52	1.13	1.05	0.90	0.83	0.53	f474f845
0	1.49	1.07	1.30	1.43	1.43	1.54	1.59	1.73	1.66	1.71	f474fa42
0	1.78	1.49	1.57	1.79	1.53	1.39	1.47	1.05	1.96	1.60	f474fc42
0	1.12	1.66	1.24	1.72	1.42	1.75	1.66	1.34	1.73	1.51	f474fe40
0	1.50	1.21	1.12	1.65	1.91	1.28	1.60	1.33	0.91	1.48	f475003d
0	1.26	1.62	1.61	1.32	1.42	1.27	1.75	1.31	1.05	1.40	f475023d
0	1.40	1.69	1.12	1.29	1.18	1.20	1.52	1.21	1.49	1.30	f475043a
0	0.68	0.17	1.15	1.47	0.00	1.29	1.84	0.87	1.29	0.00	f4750642
1	0.70	0.36	0.42	0.56	0.79	0.91	0.30	0.53	0.09	0.31	f475084a
0	1.27	0.96	1.22	1.08	1.22	1.34	1.61	1.25	1.41	1.14	f4750a47
0	1.70	1.61	1.55	1.57	1.69	1.61	1.86	1.71	1.56	1.18	f4750c47
0	1.44	2.08	1.42	0.92	1.54	1.34	1.72	1.50	1.73	1.79	f4750e4f
1	0.45	0.40	0.24	0.01	0.96	0.77	0.54	0.96	0.80	0.62	f475104c
0	1.79	1.25	1.57	1.72	1.34	1.47	1.60	1.37	1.45	1.06	f475124a
0	1.02	1.26	1.27	0.99	-0.42	0.33	1.23	0.13	-0.46	0.26	f475143d
0	1.69	1.40	1.64	1.27	1.74	1.67	1.21	1.37	1.68	1.35	f4751645
1	0.78	0.58	0.12	0.99	0.48	0.53	1.01	0.60	0.53	0.66	f4751842
0	1.58	1.33	1.84	1.61	1.81	1.66	1.73	1.47	1.26	1.30	f4751a42
1	0.59	0.70	0.54	0.83	0.60	0.55	0.51	0.80	0.71	0.71	f4751c40
0	1.19	1.53	1.67	1.55	1.44	1.15	1.29	1.33	1.43	1.35	f4751e3d
0	1.17	1.57	1.98	1.21	1.60	1.48	1.63	0.80	1.67	1.27	f475203a
0	-0.58	-0.65	-1.35	0.31	0.63	1.34	0.43	0.65	1.17	-0.38	f4752259
0	1.66	1.27	1.57	1.48	1.44	1.45	1.39	1.51	1.53	1.50	f4752491
1	0.85	0.80	0.97	1.00	1.02	0.94	0.79	0.46	0.39	1.03	f4752775
0	1.80	1.83	1.53	1.65	1.30	1.32	1.86	1.53	1.62	1.18	f47529e1
1	0.63	1.01	0.53	0.52	0.52	0.24	0.47	0.57	0.68	0.45	f4752c1c
1	0.21	0.84	0.60	0.28	0.45	0.74	0.48	0.70	1.06	1.07	f4752e54
1	0.43	0.94	0.56	0.41	0.49	0.52	0.66	0.68	0.29	0.72	f4753085
1	0.86	0.56	0.70	0.56	0.27	0.86	0.44	0.75	0.60	0.74	f47532b5
1	0.79	0.73	0.84	0.78	0.88	0.72	0.61	0.88	1.10	0.49	f47534b3
0	0.97	1.67	-0.06	0.25	-0.49	0.14	0.92	0.91	0.40	0.68	f47536b3
0	1.38	1.29	1.67	1.29	1.47	1.16	1.26	1.56	1.61	1.54	f47538b0
0	1.90	0.56	-1.00	0.18	0.10	0.68	-0.02	0.75	1.48	0.38	f4753aae
1	1.00	1.05	0.82	0.69	0.62	0.69	0.67	0.58	0.63	0.74	f4753cb5
0	1.61	1.35	1.28	1.28	1.36	1.50	1.24	1.76	1.50	2.00	f4753eb5
0	1.58	1.61	1.47	1.36	1.47	1.49	1.75	1.69	1.51	1.13	f47540b0
0	-1.35	-0.18	1.05	1.10	0.39	-0.01	1.02	-1.25	0.07	-0.49	f47542ae
0	1.77	1.26	1.36	1.88	1.01	1.26	1.56	1.50	1.43	1.48	f47544f5
0	1.12	1.31	1.63	0.87	1.24	1.71	1.48	1.44	1.77	1.76	f4754719
0	1.84	1.68	1.86	1.04	1.73	1.19	1.49	1.60	1.65	1.35	f4754940
0	1.63	1.05	1.37	1.80	1.75	1.21	1.78	1.81	1.53	1.15	f4754c7d
0	1.53	1.15	1.64	1.28	1.58	1.67	1.71	1.23	1.76	1.52	f4754ef3
0	1.69	1.26	1.73	1.75	1.60	1.71	1.46	1.79	1.47	1.36	f475512e
0	1.28	1.46	1.38	1.87	1.07	1.40	1.70	1.00	1.19	1.53	f4755340
0	1.30	1.96	1.54	1.91	1.76	1.36	1.42	1.73	1.61	1.58	f4755540
0	0.76	-0.35	0.81	-1.11	0.62	-0.10	-0.54	0.55	0.13	0.62	f475573d
0	1.56	1.44	1.86	1.15	1.68	1.45	1.79	1.74	1.22	1.89	f4755945
0	1.33	1.55	1.27	1.64	1.74	1.13	1.25	1.42	1.15	1.69	f4755b4c
0	1.63	1.49	1.49	1.31	1.22	1.60	1.26	1.35	1.49	1.73	f4755d4a
1	0.82	0.82	0.73	0.45	0.73	0.42	0.61	0.40	0.78	0.80	f4755f47
0	0.56	-0.00	-0.78	0.15	-0.68	0.36	1.69	0.11	0.85	-1.14	f4756159
0	1.68	1.82	1.56	1.33	1.43	1.80	1.43	1.41	1.83	1.49	f4756359
0	0.42	0.00	0.67	0.09	0.03	0.51	0.46	0.57	-0.29	1.71	f4756561
0	1.26	1.86	1.46	1.69	1.55	1.70	1.31	1.38	1.29	1.39	f475675e
1	0.36	0.32	0.86	0.69	0.79	0.77	0.90	0.71	0.41	0.47	f475695c
0	1.95	1.59	1.57	1.53	1.21	1.74	1.30	1.42	1.35	1.19	f4756b63
0	0.23	1.78	-0.10	-0.14	0.11	0.41	1.28	-0.61	-0.95	-0.17	f4756d59
0	1.56	1.72	1.34	1.40	1.27	1.27	1.85	1.74	1.33	1.39	f4756f54
0	-0.18	0.63	0.41	0.56	0.37	-0.25	-0.18	-0.32	0.46	-0.12	f475715e
0	1.77	1.47	1.20	1.31	1.13	1.35	1.40	1.21	1.65	1.69	f4757359
0	-0.58	0.67	-1.55	1.11	0.97	0.15	-0.56	0.07	0.32	0.02	f4757559
0	1.79	1.52	1.15	1.42	1.59	1.14	1.46	1.48	1.69	1.01	f4757757
0	1.99	-0.80	0.34	-0.26	1.09	-0.18	0.83	0.05	-0.19	1.08	f4757954
0	1.41	1.38	1.90	1.54	1.35	1.54	1.76	1.14	1.67	1.50	f4757b54
0	1.51	1.32	1.35	1.27	1.62	1.41	1.32	1.18	1.79	1.27	f4757d51
0	1.51	1.78	1.29	1.09	1.66	1.35	1.51	1.79	1.59	1.20	f4757f4f
0	1.96	1.36	1.16	1.64	1.58	1.72	1.79	1.85	1.45	1.37	f475814f
0	1.21	1.71	1.69	1.46	1.60	1.49	1.33	1.58	1.47	1.86	f475834c
0	0.42	-1.56	1.04	1.19	-0.34	-0.32	-0.54	-0.79	0.88	-0.11	f475858f
1	0.57	0.34	0.24	0.53	0.57	0.47	0.12	0.66	0.50	0.64	f47587b5
0	1.28	1.61	1.27	1.72	1.53	1.61	1.59	1.73	1.39	1.94	f47589e6
0	0.53	0.70	1.21	-0.65	-0.27	0.24	-0.19	-0.46	0.88	0.32	f4758d38
0	1.30	1.63	1.84	1.31	1.09	1.12	1.57	1.33	1.46	1.03	f4759019
0	1.50	1.46	1.29	1.73	1.34	1.58	1.49	1.28	1.55	1.65	f475922e
0	-0.40	1.78	-0.11	-1.23	1.45	-0.49	0.97	-0.46	1.16	-1.00	f4759435
1	0.87	0.70	0.67	0.52	0.93	0.94	1.06	0.93	0.64	1.09	f4759633
0	1.48	1.08	2.30	1.32	1.86	1.35	1.73	1.26	1.93	1.61	f4759845
0	0.77	1.10	-0.83	-0.59	-0.74	0.33	-0.41	-0.62	1.57	0.46	f4759a45
1	0.41	0.69	0.52	0.31	0.93	0.50	0.63	0.55	0.97	0.61	f4759c42
0	0.15	-1.37	-0.02	0.49	-1.07	-0.01	-0.04	0.22	1.74	0.01	f4759e40
1	0.67	0.76	0.55	0.39	0.83	0.65	0.79	0.41	0.56	0.54	f475a03d
0	1.49	1.54	1.47	1.61	1.63	1.55	1.38	1.40	1.69	1.64	f475a23d
0	1.93	1.05	1.18	1.73	1.44	1.05	2.04	1.56	1.23	0.96	f475a445
1	0.56	0.63	0.62	0.93	0.78	0.51	0.37	0.53	0.70	0.72	f475a642
0	0.52	0.85	1.47	1.15	0.75	0.91	-0.12	1.38	0.41	1.17	f475a840
1	0.86	0.71	0.89	0.17	0.36	0.92	0.57	0.19	0.58	0.77	f475aa3d
0	-0.34	-0.30	-1.30	-0.11	0.82	0.26	-0.89	1.61	0.99	0.31	f475ac30
0	1.37	1.27	1.82	1.48	1.68	1.64	1.76	1.45	1.98	1.40	f475ae38
0	1.76	1.69	1.42	1.72	1.40	1.32	1.09	1.63	1.53	1.56	f475b038
0	1.30	1.87	1.62	1.35	1.36	1.49	1.87	1.17	1.57	1.19	f475b311
0	1.65	1.44	1.66	1.33	1.06	1.33	1.23	1.59	1.36	1.33	f475b573
0	1.22	2.01	1.30	1.71	1.25	1.61	2.08	1.44	1.24	1.32	f475b7ae
0	1.32	1.62	1.84	1.32	1.62	1.18	1.44	1.20	1.72	2.22	f475b9d4
1	0.94	0.60	0.86	0.77	0.75	0.82	0.85	0.63	0.71	0.56	f475bc17
0	-0.09	-0.26	-1.22	1.53	0.14	-0.03	0.22	0.42	1.43	0.53	f475be5c
0	0.52	0.51	0.73	0.43	-1.32	0.79	1.83	0.72	0.79	-0.09	f475c0a8
0	1.25	1.40	1.60	1.68	1.31	1.40	1.64	1.50	1.23	1.90	f475c2ba
0	1.54	1.84	1.57	1.21	1.41	1.01	1.38	1.46	1.61	1.06	f475c4b8
0	-0.82	0.35	-1.48	0.07	0.19	-0.53	1.06	1.28	1.03	-1.58	f475c6b8
0	0.76	1.57	1.51	0.10	-0.54	-0.04	0.67	0.10	0.61	0.16	f475c8c0
0	-0.66	0.29	0.27	-0.97	-0.97	0.60	2.01	0.07	0.52	-0.26	f475cabd
0	0.40	1.26	-0.52	-1.31	1.08	1.23	0.54	-0.09	0.46	-0.72	f475ccba
0	1.22	1.94	1.22	1.25	1.10	1.85	1.49	1.47	1.46	1.80	f475cec2
0	1.39	1.71	1.42	1.38	1.42	1.63	1.54	1.58	1.28	1.24	f475d0c2
0	0.79	0.86	0.64	0.09	0.01	0.52	0.10	0.62	-0.05	-0.87	f475d2c0
0	0.16	1.44	0.23	0.83	-0.43	0.33	0.86	-0.01	0.64	0.72	f475d4c7
0	-0.43	0.32	0.99	-0.59	-0.07	-0.28	0.83	-0.00	-0.13	0.04	f475d6c5
1	0.57	0.21	0.60	0.69	0.75	0.21	0.70	0.69	0.61	0.70	f475d8cc
0	1.26	1.11	1.47	1.73	1.69	1.41	1.70	1.54	1.26	1.34	f475dacc
0	1.68	1.64	1.48	1.18	1.46	1.29	1.45	1.90	1.29	1.35	f475dcca
0	1.51	1.49	1.47	1.26	1.47	1.55	1.45	1.47	1.30	1.35	f475dec7
0	1.63	1.27	1.46	1.58	1.05	1.27	1.90	1.60	1.42	1.57	f475e0c7
0	1.42	1.64	1.80	1.32	1.80	1.45	1.68	1.28	1.38	1.90	f475e2c5
1	0.51	0.77	0.80	0.55	0.43	0.58	0.81	0.90	0.73	0.76	f475e4b8
0	0.92	0.18	-0.59	-0.33	0.98	-0.19	0.72	-1.35	-0.65	0.01	f475e6c0
0	1.42	1.70	1.69	1.36	1.45	1.33	1.27	1.80	1.54	1.50	f475e8bd
0	1.25	0.88	1.57	1.57	1.62	1.47	1.49	1.68	1.32	1.79	f475eaba
0	0.17	-0.16	1.28	0.38	0.83	0.46	0.93	0.63	1.54	0.83	f475ecb8
0	1.48	1.25	1.69	1.39	1.53	1.30	1.72	1.98	1.45	1.76	f475eeb8
0	1.58	1.57	1.64	1.51	1.70	1.38	1.15	1.91	1.78	1.46	f475f0b5
0	1.32	1.26	1.71	1.37	1.41	1.84	1.31	1.47	1.94	1.57	f475f2b3
0	1.41	1.57	1.17	1.26	1.54	1.45	1.40	1.35	1.41	1.63	f475f4b3
0	1.72	1.77	1.83	1.41	1.62	1.08	1.35	1.94	1.49	1.55	f475f6a6
1	0.63	0.72	0.50	0.77	0.98	0.66	0.22	0.78	0.44	0.42	f475f8ae
0	1.26	1.39	1.34	1.21	1.59	1.54	1.32	1.27	1.08	1.51	f475faae
1	0.47	0.82	0.90	0.76	0.56	0.50	0.47	0.66	0.79	0.29	f475fca8
1	0.56	0.70	0.53	0.64	0.52	0.86	0.39	0.69	0.80	0.63	f475fea6
0	0.59	0.03	-0.73	0.12	0.32	-0.30	0.25	1.37	1.62	0.41	f47600a6
1	0.78	1.01	0.53	0.75	0.42	0.64	0.42	0.64	0.67	0.65	f47602ae
0	1.41	1.44	1.63	1.04	1.27	1.58	1.44	1.14	1.18	1.67	f47604b5
0	1.74	1.45	1.64	1.74	1.69	1.53	1.44	1.72	1.34	1.71	f47606b3
1	0.66	0.86	0.57	0.94	0.37	0.83	0.48	0.88	0.53	0.48	f47608b0
1	0.90	0.61	0.75	0.46	0.71	0.74	1.00	0.96	0.62	0.31	f4760ab0
0	1.68	1.58	1.63	2.02	1.52	1.75	1.23	1.44	1.57	1.55	f4760cae
1	0.84	0.95	0.53	0.81	0.45	0.52	0.37	0.74	0.67	0.74	f4760eb5
0	1.63	1.57	1.83	1.16	1.34	0.97	1.30	1.55	1.56	1.63	f47610b3
1	0.55	0.95	0.68	0.60	0.46	0.58	0.72	0.75	0.55	0.29	f47612b0
0	1.46	1.28	1.83	1.68	1.81	1.55	1.23	1.25	1.38	1.25	f47614b0
0	1.62	1.23	1.30	1.55	1.54	1.42	1.35	1.01	1.45	1.73	f47616ae
0	1.75	1.29	1.46	1.74	1.56	1.49	1.65	1.70	1.91	1.39	f47618a3
1	0.29	0.44	0.52	0.52	0.61	0.63	0.82	0.60	0.62	0.71	f4761aab
1	0.56	0.52	0.68	0.82	0.06	0.68	0.66	0.57	0.59	0.71	f4761ca8
0	1.43	1.21	1.13	1.79	1.01	1.68	1.46	1.53	1.33	1.59	f4761ea6
0	1.77	1.33	1.44	1.73	1.72	1.70	1.95	1.34	1.33	1.47	f47620a3
0	1.56	1.02	1.53	1.65	0.89	1.73	1.61	1.75	1.16	1.23	f47622a1
1	0.60	0.70	0.67	0.44	0.66	0.86	0.47	0.37	0.72	0.42	f476249e
0	1.16	1.94	1.80	1.52	1.72	1.61	1.66	1.42	1.94	1.67	f47626c5
0	-0.31	-0.29	-0.88	0.83	0.59	-0.25	0.77	1.88	-0.21	-1.01	f47628ee
0	1.70	1.34	1.51	1.68	1.64	1.34	1.41	1.58	1.68	1.69	f4762b19
1	0.68	0.87	0.69	0.78	0.56	0.92	1.15	0.78	0.71	0.82	f4762d42
0	1.78	1.35	1.70	1.55	1.29	1.62	1.38	1.57	2.03	1.06	f4762fa3
0	1.32	2.02	1.64	1.38	1.39	1.69	1.62	1.66	1.60	1.48	f47631ca
0	1.30	1.12	1.56	1.70	1.44	1.37	1.42	1.51	1.36	1.12	f47633fa
0	1.83	1.04	1.36	1.16	1.47	1.47	1.75	1.19	1.47	1.43	f47635f8
0	1.23	1.55	1.36	1.58	1.51	1.92	1.81	0.73	1.30	1.80	f4763800
0	1.47	1.58	1.72	1.31	1.35	1.36	1.14	1.17	1.41	1.47	f4763a00
0	1.32	1.20	1.15	1.66	1.58	1.29	1.19	1.46	1.33	1.90	f4763cb0
0	1.82	1.40	1.60	1.35	1.55	1.61	1.29	1.31	1.40	1.37	f4763ee1
0	-0.34	0.48	1.06	-0.18	0.84	-0.32	1.05	0.18	0.05	0.41	f47640e8
0	0.99	1.48	1.36	1.69	1.58	1.46	1.62	2.03	1.38	1.30	f47642f0
1	0.67	0.55	0.85	1.24	0.73	0.70	0.94	0.63	0.60	0.67	f47644f8
0	0.47	0.08	0.02	0.65	-0.71	0.40	1.44	-0.34	0.47	-0.11	f47646f5
1	0.75	0.45	0.44	0.91	0.97	0.77	0.47	1.04	0.61	0.54	f47648fd
0	1.67	1.44	1.27	1.81	1.64	1.32	0.90	1.95	1.71	1.32	f4764afa
1	0.67	0.84	0.36	0.69	0.61	0.66	0.96	0.42	0.39	0.50	f4764cfa
0	0.94	-0.61	1.68	0.20	-0.27	0.28	0.23	-0.41	0.66	0.38	f4764ef8
0	1.23	-0.10	0.77	-0.14	0.60	-0.44	-1.52	-0.45	0.79	1.13	f4765100
0	1.49	1.48	0.96	1.53	1.40	1.40	1.72	1.39	0.91	1.37	f47652fd
0	1.74	1.68	1.04	1.23	1.38	1.81	1.27	1.66	1.29	1.45	f47654fd
1	0.89	0.99	0.70	0.72	0.16	0.47	1.02	0.45	0.83	0.71	f47656fa
0	1.35	1.50	1.54	1.73	1.75	1.10	1.23	1.32	1.41	1.45	f47658f8
0	0.16	-1.33	1.27	0.02	-0.76	1.35	1.25	0.81	0.10	1.59	f4765af8
0	1.24	1.42	1.09	1.94	1.15	1.43	1.77	1.48	1.38	1.44	f4765cf3
0	1.64	1.31	1.35	1.68	1.39	1.96	1.73	1.12	1.79	1.33	f4765ef0
0	1.79	1.27	1.37	1.79	1.49	1.37	1.59	1.63	2.23	1.93	f47660f0
0	1.71	1.64	1.60	1.82	1.34	1.23	1.40	1.79	2.02	1.36	f47662ee
0	1.52	1.21	1.51	1.81	1.44	1.33	1.42	1.38	1.23	1.42	f47664eb
0	1.23	1.41	2.14	1.74	1.18	1.16	1.87	1.61	1.45	1.44	f47666e1
0	0.52	0.27	0.08	0.17	0.28	0.04	0.27	-0.48	0.29	-1.06	f47668de
0	0.93	1.38	1.57	1.42	1.77	1.35	0.98	1.55	1.26	1.44	f4766adc
1	0.71	0.73	0.85	0.60	0.59	0.53	0.87	0.51	0.93	0.50	f4766ce3
0	1.59	1.52	1.02	1.63	1.67	1.37	1.63	1.40	2.08	1.69	f4766ee3
0	1.54	1.87	1.02	1.12	1.82	1.66	2.10	1.47	0.94	1.36	f47670e1
0	1.51	1.56	1.14	1.34	1.36	1.67	1.30	1.29	1.21	2.02	f47672dc
0	1.10	0.39	0.18	0.61	0.13	-1.14	0.86	0.73	0.67	0.90	f47674dc
0	2.01	1.34	1.40	1.58	1.48	1.08	1.20	1.49	1.42	1.33	f47676d9
0	1.39	1.43	1.63	1.91	1.61	1.33	1.61	1.60	1.69	1.64	f47678d7
0	1.61	1.62	1.88	1.42	1.71	1.63	1.59	1.39	1.57	1.33	f4767ad7
0	1.38	1.55	1.62	1.41	1.89	1.44	1.44	1.39	1.11	1.51	f4767cd4
1	0.64	0.75	0.85	0.85	0.79	1.13	0.67	0.68	1.41	0.95	f4767ed1
0	1.73	1.33	1.11	0.88	1.45	1.47	1.85	1.29	1.62	1.57	f47680cf
0	-0.38	0.54	1.01	0.53	0.29	0.05	0.53	0.28	1.27	0.40	f47682cf
0	1.61	0.96	1.26	2.02	1.59	1.76	1.79	1.49	1.45	1.33	f47684cc
0	1.45	1.26	1.37	1.59	1.49	1.40	1.54	1.25	1.04	1.97	f47686c0
0	1.60	1.59	1.36	1.69	1.49	1.53	1.09	1.88	1.28	1.37	f47688c7
0	1.26	-0.40	0.30	-0.26	-0.57	0.33	0.09	0.18	0.55	0.08	f4768aba
0	1.08	1.18	1.79	1.16	1.79	1.26	1.17	1.55	1.80	0.95	f4768cba
1	0.63	0.40	0.78	0.37	0.55	0.76	0.61	0.70	0.46	0.43	f4768ee8
0	1.57	1.33	1.73	1.76	1.40	1.49	1.63	1.35	1.36	1.86	f4769111
0	1.74	1.50	1.25	1.53	1.68	1.55	1.62	2.03	1.36	1.51	f4769335
0	-1.14	0.24	0.53	2.20	-0.28	0.31	1.30	0.99	0.30	-0.35	f476955c
0	1.42	1.17	1.32	1.97	1.33	1.48	1.30	1.43	1.35	1.36	f4769782
0	1.57	2.12	1.98	1.11	1.55	1.74	1.57	1.71	1.38	1.99	f47699b3
0	1.38	1.42	1.51	1.96	1.29	1.26	1.60	1.83	1.55	2.05	f4769bd7
1	0.68	0.79	0.60	0.70	0.95	0.56	0.36	0.68	0.99	0.76	f4769e11
1	0.74	0.52	0.83	0.48	0.59	0.71	0.70	0.97	0.78	0.70	f476a04a
0	0.98	1.96	1.78	1.57	1.13	1.59	1.84	1.67	1.23	1.65	f476a285
0	1.38	1.20	1.39	1.52	1.66	1.59	0.97	1.54	1.01	1.35	f476a4b5
0	1.46	1.57	1.46	1.51	1.63	1.89	1.71	1.69	1.48	1.70	f476a6b3
0	1.76	1.46	1.50	1.99	1.56	1.47	1.56	1.90	1.50	1.11	f476a8b0
0	1.40	1.40	1.64	1.46	1.82	1.33	1.42	1.05	1.35	1.68	f476aab8
0	0.02	0.07	-0.60	-0.45	0.69	0.22	-0.01	0.32	-1.37	0.60	f476acae
0	1.46	1.66	1.42	1.45	1.53	1.80	1.44	1.85	1.29	1.16	f476aeab
0	1.42	1.60	1.29	1.62	1.87	1.25	1.56	1.67	1.40	1.95	f476b0ab
0	1.57	1.53	1.48	1.51	1.65	1.19	1.67	1.45	1.91	1.93	f476b2a8
1	0.56	0.72	0.95	1.29	0.63	0.66	0.56	0.67	1.13	0.80	f476b4a6
0	0.82	0.82	-1.14	-0.19	1.05	-0.59	-0.09	0.79	-0.56	-0.39	f476b6a3
0	1.26	1.31	1.27	1.57	1.29	1.64	1.47	1.21	1.16	1.56	f476b8a1
1	0.57	0.69	0.48	0.87	0.37	0.20	0.68	0.54	0.40	0.50	f476ba9e
1	0.96	0.73	0.67	0.55	0.69	0.62	0.71	0.96	0.89	1.25	f476bc9c
0	1.71	1.91	1.35	1.66	1.76	1.53	1.50	1.42	1.73	1.58	f476bea3
1	0.45	0.57	0.36	0.36	0.45	0.74	0.40	0.34	1.04	0.51	f476c0a3
0	1.64	1.36	1.45	1.34	1.03	1.91	1.23	1.69	1.83	1.75	f476c340
0	1.41	2.15	1.73	1.48	1.59	1.69	1.63	1.41	1.21	1.73	f476c5cc
0	1.47	1.15	2.12	1.64	1.38	1.52	1.92	1.68	1.51	1.58	f476c7fd
1	0.60	0.75	0.61	0.54	0.70	0.60	0.47	0.66	0.56	0.65	f476ca23
0	1.70	1.67	1.81	1.50	1.58	1.47	1.91	1.16	1.79	2.06	f476cc51
0	1.54	1.22	1.18	1.74	1.57	1.34	1.35	2.04	1.51	1.40	f476ce78
1	0.28	0.81	0.43	0.34	0.43	0.75	0.46	0.57	0.78	0.74	f476d0a8
0	1.35	1.81	1.49	1.44	2.05	1.52	1.40	1.54	1.09	1.56	f476d2d9
0	0.83	2.14	1.35	1.79	1.44	1.76	1.08	1.26	1.51	1.16	f476d4d7
0	1.03	1.84	1.78	1.66	1.26	1.51	1.57	1.26	1.71	1.64	f476d6d4
1	0.96	0.27	0.74	0.56	0.89	0.74	1.02	1.03	0.89	0.75	f476d8e6
0	1.57	1.79	1.57	1.49	1.25	1.53	1.95	1.39	1.52	1.32	f476dae3
1	0.52	0.36	0.85	0.60	0.29	0.84	0.82	0.61	0.53	0.71	f476dceb
0	1.82	1.42	2.12	1.56	1.96	1.46	1.02	1.16	0.82	0.92	f476deeb
0	1.77	1.87	1.89	1.57	1.29	1.99	1.48	1.73	1.14	1.57	f476e105
0	1.07	1.26	0.50	0.75	-0.70	0.38	-0.03	-1.21	-0.68	-0.45	f476e335
0	1.40	1.40	0.92	1.57	1.51	1.83	1.21	1.60	0.81	1.22	f476e55c
0	1.79	0.66	-0.34	0.81	0.13	-0.18	-0.03	0.62	1.17	0.55	f476e78c
0	1.53	1.81	1.99	1.52	1.43	1.08	1.53	1.86	1.70	1.66	f476e9b3
0	1.55	1.25	1.50	1.54	1.79	1.24	1.52	1.28	1.17	1.15	f476ebee
0	-1.27	-0.31	0.25	-0.01	-0.11	0.09	1.21	-0.05	-0.45	0.33	f476ef8f
0	1.31	0.70	-0.20	0.76	0.24	0.70	-0.30	-0.40	-0.10	0.19	f476f1f0
0	1.19	1.46	1.38	1.52	1.42	1.33	1.40	1.59	1.07	1.96	f476f41e
1	0.61	0.40	0.95	0.59	0.52	0.83	0.74	0.20	0.35	0.35	f476f64f
1	0.60	0.84	0.84	0.70	0.61	0.83	0.86	0.44	0.44	0.45	f476f880
0	0.93	0.19	-0.15	-0.09	0.01	0.10	-0.95	0.49	0.20	1.21	f476faa6
0	1.07	1.89	1.54	1.51	1.77	1.36	1.45	1.36	1.16	1.49	f476fcd7
0	1.41	1.65	1.69	1.15	1.44	1.13	1.55	1.58	1.69	1.62	f476ff07
0	1.44	1.55	1.39	1.28	1.46	1.57	1.71	1.58	1.30	1.56	f477012b
0	0.34	0.61	0.71	1.54	0.53	-0.52	0.38	1.16	1.53	-0.52	f4770351
0	1.69	1.55	1.76	1.22	1.38	1.33	1.42	2.03	1.45	1.41	f4770582
0	1.71	1.44	1.53	0.92	1.97	1.50	1.23	2.14	1.37	1.54	f47707bd
0	-0.45	0.90	0.52	0.95	-0.05	0.38	-0.54	0.22	1.43	0.49	f47709eb
0	1.62	1.33	1.59	1.46	1.46	1.57	1.31	1.71	1.69	1.02	f4770c1c
1	0.58	0.94	0.54	0.36	0.94	0.64	0.66	0.78	0.63	0.45	f4770e4c
0	1.57	1.29	1.28	1.89	1.27	1.25	1.56	1.38	1.57	1.08	f477108f
0	0.06	0.26	0.15	-0.43	0.22	0.89	0.21	2.09	-0.43	1.01	f47712dc
0	1.09	1.79	1.95	1.58	1.74	1.50	1.36	1.29	1.77	0.96	f477152b
0	1.37	1.18	1.41	1.85	1.40	0.90	1.61	1.39	1.24	1.55	f4771733
0	1.89	1.35	1.59	1.29	1.58	1.29	1.75	1.29	1.31	1.40	f4771978
0	1.70	1.65	1.07	1.25	1.58	1.36	1.57	1.75	1.56	1.65	f4771ba8
1	0.72	0.66	0.70	0.47	0.69	0.74	0.46	1.36	0.84	0.73	f4771dcf
0	1.30	1.66	1.96	1.54	1.99	1.25	1.57	1.57	0.68	1.61	f4772000
0	1.85	1.65	1.59	1.59	1.25	1.84	1.44	1.13	1.10	1.19	f477222e
0	1.71	1.45	1.43	1.41	1.28	1.85	1.42	1.43	1.21	1.19	f4772454
0	1.08	1.27	1.57	1.63	1.39	1.25	1.47	1.36	1.74	1.44	f477267a
0	1.64	1.10	1.46	1.36	1.12	1.47	1.69	1.83	2.18	1.39	f47728a1
1	0.61	0.78	0.54	0.78	0.63	0.52	0.55	0.81	0.56	0.09	f4772ac5
0	1.15	1.53	1.35	1.51	1.32	1.44	1.42	1.48	1.44	1.39	f4772cf5
0	1.48	1.39	1.53	1.74	1.52	1.56	1.44	1.17	1.75	1.42	f4772f1c
0	0.33	1.01	-0.69	0.18	1.32	0.09	-1.44	-1.15	-0.06	1.88	f4773140
0	1.48	1.06	1.10	1.74	1.18	1.55	1.35	1.63	1.13	1.25	f4773370
1	0.80	0.82	0.43	0.66	0.65	0.98	0.40	0.73	0.39	0.40	f47735a1
1	0.49	0.70	0.53	0.76	0.64	0.71	0.63	0.56	0.60	0.50	f47737e3
1	0.73	0.35	0.82	0.44	0.62	0.54	0.84	0.65	0.80	0.39	f4773a0c
0	1.51	1.84	1.46	1.19	1.38	1.87	1.37	1.09	1.52	1.82	f4773c14
0	1.00	1.51	1.64	1.15	1.44	1.14	1.29	1.38	1.61	1.61	f4773e1c
1	0.33	0.66	0.83	0.83	0.49	0.33	0.06	0.95	0.68	0.81	f477400f
0	-0.41	0.39	-0.50	-0.62	-0.61	0.01	-0.97	-0.06	0.60	0.75	f477420c
0	1.04	1.21	1.40	1.93	1.67	1.41	1.42	1.33	1.40	2.08	f4774414
0	-0.01	-0.07	1.05	-1.58	-0.08	1.81	0.92	-0.60	1.51	0.73	f4774614
0	1.03	1.27	1.72	1.46	2.04	2.03	1.65	1.21	1.03	1.81	f4774811
0	1.71	1.41	1.28	1.67	1.61	1.22	1.83	1.66	1.69	2.08	f4774a19
0	-0.97	0.59	0.83	0.13	1.29	-0.44	1.19	0.32	1.65	0.31	f4774c17
1	0.78	1.08	0.81	0.84	0.94	0.40	0.64	0.83	1.03	0.58	f4774e1e
0	2.13	1.18	1.28	1.32	1.88	1.47	1.63	1.65	1.77	1.80	f477501e
0	1.82	1.15	1.79	1.51	1.13	1.72	1.49	1.68	1.86	1.47	f477521c
0	0.14	0.69	0.37	1.42	-0.15	-0.25	0.80	-0.57	-0.24	-0.17	f47754cc
0	-0.60	-0.11	-0.39	0.76	-0.12	-0.85	0.23	-0.84	-0.10	0.09	f4775707
1	0.65	0.33	0.86	0.42	0.26	0.85	0.44	0.73	0.72	0.63	f477590f
0	1.72	1.93	1.68	1.14	1.25	1.58	1.24	1.21	1.32	1.42	f4775b19
0	1.43	1.24	1.82	1.66	1.36	1.75	1.79	0.94	1.52	1.87	f4775d14
0	0.44	0.20	0.30	0.03	-0.99	0.14	0.90	1.54	-1.90	-0.80	f4775f11
0	1.30	1.24	1.17	1.56	1.30	1.41	1.71	1.33	1.53	1.40	f4776111
0	2.00	1.52	1.57	1.38	1.70	1.41	1.46	1.26	1.38	1.69	f4776319
0	1.89	1.16	1.37	1.00	1.40	1.50	1.52	1.77	1.79	1.82	f4776517
0	1.62	1.80	1.40	1.68	1.24	1.42	1.66	1.25	1.76	1.43	f4776714
0	1.38	1.67	1.43	1.14	1.15	1.08	1.09	1.33	1.54	0.84	f477691c
0	1.45	1.27	1.49	1.45	1.51	1.35	1.94	1.92	1.60	1.28	f4776b6b
0	-0.24	-0.22	-0.41	-0.20	-0.11	0.24	1.05	-0.23	-0.62	0.31	f4776d91
0	1.08	0.12	2.44	0.36	0.46	0.56	-0.11	0.02	-1.25	0.33	f4776fc0
0	1.59	1.73	0.94	1.34	1.24	1.75	1.51	1.32	1.74	1.13	f47771f0
0	0.63	-0.99	0.61	-0.99	-0.27	1.85	-0.32	1.42	-0.66	0.92	f4777417
0	1.20	1.48	1.77	1.54	1.73	1.75	1.97	0.93	1.50	1.77	f4777647
0	1.25	1.59	1.68	1.63	1.49	1.63	1.91	1.36	0.88	1.33	f477786e
0	1.62	1.66	1.52	1.82	1.21	1.48	1.12	1.75	1.67	1.83	f4777a75
0	1.46	1.69	2.25	1.54	1.63	1.22	1.65	1.63	1.30	1.72	f4777cc5
1	0.74	0.35	0.69	0.30	0.53	0.67	0.60	1.27	0.76	0.61	f4777eeb
0	1.16	1.51	1.50	2.08	1.61	1.88	1.30	1.73	0.95	1.59	f4778123
0	1.41	1.63	1.71	1.59	1.52	1.64	1.42	1.57	1.67	1.73	f4778387
0	1.59	1.25	1.12	1.29	1.26	1.15	1.36	1.31	1.81	1.40	f47785b8
0	1.28	1.61	1.63	1.41	1.28	1.60	1.46	1.91	1.17	1.13	f47787f0
1	0.45	1.16	0.47	0.64	0.74	0.46	0.74	0.75	0.81	0.52	f47789ee
0	-0.14	-0.27	-0.04	-0.42	1.16	0.61	-1.36	0.32	0.22	0.80	f4778beb
0	1.17	1.68	1.02	1.55	1.58	1.28	1.68	1.34	1.69	1.58	f4778df5
0	1.67	1.45	1.75	1.37	1.23	1.33	0.88	1.22	1.31	1.72	f4778ff0
0	1.35	1.52	1.39	1.69	1.26	1.77	1.97	1.69	1.75	1.27	f47791ee
0	1.37	1.42	1.42	1.44	1.33	1.46	1.23	1.27	1.27	1.70	f47793f5
0	1.32	1.54	1.64	1.80	1.78	1.52	1.24	1.59	1.37	0.91	f47795f5
0	0.61	1.01	0.06	1.50	-0.05	-1.31	0.10	0.30	-0.67	0.79	f47797f3
0	1.75	1.91	1.39	1.59	1.63	1.38	1.29	1.50	1.29	1.91	f47799f0
0	1.77	1.60	1.41	1.42	1.34	1.48	1.54	1.13	1.44	1.67	f4779bf0
0	1.41	1.40	1.52	1.65	1.67	1.47	1.17	1.67	1.49	1.74	f4779df8
0	1.41	1.47	1.52	1.41	1.92	1.83	1.59	1.77	1.31	1.95	f4779ff5
0	1.75	1.46	1.39	1.54	1.49	1.63	1.52	1.62	1.08	1.52	f477a1f3
0	1.08	1.54	1.49	1.41	2.05	1.55	1.07	1.30	1.31	1.52	f477a3f3
0	-1.98	0.26	0.86	-0.02	-0.19	0.81	0.78	-0.07	0.53	-0.70	f477a5f0
0	1.62	1.69	1.60	1.94	0.96	1.14	1.75	1.77	1.27	1.27	f477a7f8
0	0.88	1.10	1.00	-0.57	0.24	0.40	-0.05	-0.01	1.37	1.16	f477a9f5
0	1.35	1.42	1.56	1.94	1.49	1.79	1.11	1.57	1.70	1.65	f477abf5
1	0.37	1.01	0.87	0.48	0.71	0.24	0.70	0.55	0.83	0.75	f477adf3
1	0.65	0.91	1.01	0.50	0.76	0.96	0.46	0.88	0.75	0.82	f477affa
1	0.70	0.39	0.85	0.50	0.21	0.64	0.57	0.70	0.56	0.74	f477b1f8
1	0.73	0.67	1.09	0.86	0.98	0.64	0.96	0.52	0.56	1.10	f477b3f5
0	1.56	1.47	1.72	1.51	1.55	1.29	1.09	1.39	1.92	1.54	f477b5fd
0	0.45	0.44	-0.15	-0.19	0.68	-0.98	0.64	0.46	-1.24	0.72	f477b854
1	0.94	0.68	0.63	0.45	0.32	0.60	0.57	0.79	0.90	0.72	f477ba85
0	-0.66	1.12	0.27	-0.10	-0.06	0.75	-0.72	0.35	-0.91	0.17	f477bcb5
0	1.62	1.66	1.21	1.65	1.15	1.03	1.58	1.24	1.41	1.49	f477bedc
0	1.35	1.39	1.29	1.07	1.53	1.59	1.73	1.24	1.43	1.17	f477c11e
0	1.21	1.29	1.46	1.54	1.67	1.92	1.28	1.27	1.32	1.46	f477c31e
0	1.12	1.54	1.53	1.36	1.59	1.63	1.88	1.64	1.46	1.77	f477c51c
1	0.70	0.66	0.94	0.73	0.68	0.69	0.85	0.72	0.59	0.87	f477c742
1	0.57	0.41	0.35	0.54	0.44	0.86	0.37	0.79	0.42	0.79	f477c970
0	1.37	1.52	1.42	1.17	0.90	1.26	1.27	1.89	1.28	1.86	f477cba1
0	-0.59	0.76	-0.31	0.14	-0.65	1.22	1.84	-0.90	1.66	0.17	f477ce0c
0	1.34	-0.83	0.63	-0.18	-0.24	1.24	0.53	0.55	0.40	0.37	f477d033
0	1.09	1.41	1.68	1.25	1.42	1.47	1.97	1.38	1.45	0.99	f477d263
0	-1.03	-0.47	1.01	-0.17	1.80	-1.35	0.65	0.89	0.76	-0.29	f477d494
0	0.16	-1.20	-0.49	0.99	0.79	-0.31	-0.21	-0.17	0.29	0.44	f477d6ba
0	0.88	1.50	1.21	1.13	1.43	1.01	1.31	1.35	1.36	1.72	f477d907
0	1.42	1.56	1.28	1.83	1.30	1.38	1.35	0.64	1.60	1.57	f477db0f
0	1.50	1.59	1.44	1.45	1.12	1.71	1.62	1.23	1.77	1.51	f477dd0c
0	1.38	1.54	1.51	1.41	1.52	1.50	1.43	1.31	1.41	1.20	f477dfb5
0	1.69	1.62	1.42	1.63	1.33	1.45	1.81	0.97	1.58	1.05	f477e221
0	1.59	1.14	1.51	1.30	1.67	1.72	1.60	1.25	1.36	1.76	f477e45c
0	1.63	1.48	1.57	1.80	1.48	1.57	1.50	1.50	1.05	1.45	f477e682
0	-0.99	2.36	0.30	-0.28	-1.64	1.22	1.80	0.76	0.49	0.95	f477e8a8
1	0.31	0.83	0.75	0.80	0.83	0.91	0.46	1.04	1.07	1.12	f477ead9
0	1.15	1.57	1.34	1.81	1.59	1.62	1.53	2.05	1.36	1.96	f477ed07
0	1.29	1.35	1.50	1.62	1.58	1.37	1.48	1.28	1.85	1.37	f477ef38
0	1.06	1.62	1.29	1.51	1.72	1.65	1.12	1.60	1.23	1.69	f477f166
1	0.43	0.49	0.33	0.36	0.64	-0.04	0.65	0.79	0.84	0.57	f477f3b5
0	1.64	1.37	1.94	1.43	1.60	1.12	1.31	1.79	1.30	1.46	f477f5e6
1	1.02	0.72	0.72	0.73	0.53	0.81	0.51	0.54	1.06	0.48	f477f814
0	1.21	1.47	1.67	1.49	1.01	1.66	1.28	1.94	1.56	1.43	f477fa33
1	0.55	0.57	0.33	0.65	0.38	0.62	0.61	0.71	0.53	0.61	f477fc61
0	1.35	1.33	0.74	1.80	1.47	1.52	1.84	1.61	1.16	1.43	f477fe8a
0	1.70	1.28	1.42	1.01	1.54	1.57	1.56	1.49	1.23	1.49	f47800ae
1	0.63	0.70	0.63	0.96	0.83	0.60	0.80	0.89	0.80	0.46	f47802de
0	1.87	1.95	1.42	1.37	1.36	1.33	1.92	1.18	1.55	1.53	f4780505
1	0.62	0.63	0.91	1.11	0.61	0.74	0.90	0.30	0.84	1.19	f4780728
1	0.87	0.25	0.93	0.60	0.41	1.08	0.31	0.33	0.43	0.79	f4780959
0	0.28	-0.46	0.98	-0.04	0.17	-0.51	0.26	-0.64	0.81	1.25	f4780b80
1	0.69	0.88	0.74	0.68	0.73	1.15	0.95	0.80	0.83	1.01	f4780da6
0	1.28	1.68	1.38	1.13	1.75	1.72	1.42	1.69	1.39	1.77	f4780fd7
0	1.27	1.92	1.57	1.70	1.48	2.24	1.66	1.71	1.03	1.36	f47811fa
0	1.45	-0.27	-0.19	0.58	-0.11	0.05	1.35	0.81	-0.06	1.03	f478142b
0	-0.32	0.18	0.28	1.49	0.44	-0.17	1.00	0.19	-1.02	1.68	f4781651
0	1.65	1.56	1.81	1.52	1.53	1.46	1.76	1.72	1.87	1.65	f4781878
0	1.16	1.17	0.97	2.01	1.57	1.36	1.95	1.36	1.22	1.40	f4781a9c
1	0.19	0.33	0.81	0.80	0.54	0.13	0.62	0.70	0.41	0.73	f4781cd7
1	0.47	0.58	0.77	0.60	0.66	0.27	0.56	0.80	0.55	0.58	f4781ed4
0	1.50	1.42	1.78	1.78	1.44	1.77	1.78	1.35	1.27	1.46	f47820dc
1	0.72	0.90	0.67	0.81	0.38	0.49	0.56	0.70	0.91	0.61	f47822dc
0	-0.25	0.63	-0.58	1.26	-0.26	-0.40	0.99	0.54	0.38	0.50	f47824e3
1	1.01	0.96	1.01	0.54	0.99	0.79	0.64	1.21	0.74	1.05	f47826eb
0	1.50	2.04	1.76	1.14	1.40	1.57	1.42	1.32	1.23	1.55	f47828e8
1	0.81	0.86	0.95	0.93	0.53	0.85	0.89	0.95	0.98	0.71	f4782af0
1	0.15	0.47	0.54	0.31	0.81	0.94	0.37	0.82	0.78	0.60	f4782cee
0	-0.45	0.38	0.83	-0.74	-0.05	0.57	0.44	-1.11	0.12	0.93	f4782eee
0	2.45	0.27	2.02	-0.51	1.25	1.23	0.52	-0.73	-0.08	0.48	f47830eb
0	1.48	1.54	1.73	1.22	1.69	1.75	1.75	1.29	1.66	1.50	f47832e8
0	1.45	1.76	1.37	1.62	1.29	1.82	1.26	1.58	1.69	1.41	f47834f0
0	0.37	1.44	0.13	0.68	0.32	0.70	0.01	0.82	-0.10	-0.66	f47836f0
0	1.29	1.52	1.56	1.88	1.61	0.99	1.61	1.88	1.37	1.71	f47838ee
0	1.73	1.78	1.01	1.39	1.49	1.55	1.42	1.48	1.32	1.39	f4783aeb
0	-0.31	0.90	0.38	0.49	0.42	0.00	0.92	-1.08	0.40	-1.31	f4783ce1
0	1.61	1.77	1.51	1.45	1.61	1.46	1.26	1.46	1.55	1.09	f4783ef3
0	0.58	1.30	0.17	-1.37	0.30	1.11	0.47	0.22	0.67	0.56	f47840e6
0	1.29	1.71	1.55	1.36	1.16	0.88	1.32	1.65	1.71	1.14	f47842e3
0	1.35	1.47	1.52	1.79	1.44	1.34	1.78	1.20	1.84	1.38	f47844eb
0	1.63	1.75	1.63	1.35	1.74	1.62	1.63	1.10	1.48	1.26	f47846de
0	1.35	1.74	1.36	1.41	2.07	1.26	1.22	1.28	1.23	1.33	f47848dc
0	1.66	1.60	1.45	1.73	1.09	1.38	1.49	1.01	1.99	1.66	f4784adc
0	1.52	1.28	-0.10	-0.56	-0.55	0.50	0.19	-0.35	0.90	1.29	f4784cd9
0	1.51	1.35	1.31	1.57	1.29	1.82	1.79	1.54	1.73	1.84	f4784f3a
0	0.77	-0.24	-0.32	0.35	1.46	0.82	-0.59	0.62	-0.17	0.93	f4785163
0	1.44	1.66	1.75	1.47	1.99	1.46	1.52	1.55	1.51	1.05	f4785387
0	1.06	1.12	1.32	1.57	1.36	1.42	1.10	1.07	1.72	1.51	f4785766
1	0.66	0.70	0.65	0.78	0.50	1.04	0.70	0.73	0.76	0.75	f4785ae8
0	1.66	1.65	1.68	1.40	1.60	1.85	1.27	1.42	2.02	1.18	f4785d4c
1	0.72	0.21	0.60	1.07	0.47	0.85	0.53	0.96	0.49	0.48	f4785f85
1	0.81	0.87	0.65	0.96	0.62	0.55	0.89	1.01	0.56	0.35	f47861c0
0	1.05	1.52	1.20	1.27	1.64	1.52	1.54	1.57	1.31	1.59	f47863f0
1	0.96	0.82	0.51	0.70	0.73	0.26	1.04	1.04	0.81	0.35	f4786651
0	1.57	1.30	1.59	1.28	1.08	2.21	1.61	1.54	1.48	1.84	f47869f3
0	1.11	1.44	1.38	1.58	1.69	1.81	1.40	2.06	1.45	1.49	f4786c4c
0	1.58	1.19	1.80	1.79	2.00	1.44	1.49	1.43	0.99	1.66	f4786e7a
0	1.02	0.28	1.26	0.24	-0.05	1.03	0.08	0.22	0.01	1.05	f478717d
0	-0.48	-0.61	-1.21	0.90	-0.01	-0.39	1.66	1.41	-1.13	0.25	f47873de
0	1.02	1.09	0.01	0.42	0.62	0.14	0.83	-1.21	-0.07	-0.83	f4787619
0	1.24	1.31	1.74	1.49	1.76	1.59	1.47	1.33	1.64	1.23	f4787840
0	0.86	0.68	-0.11	0.54	-0.47	0.67	0.67	0.16	0.72	1.75	f4787a70
